Area,Zone,Time,People.Frequency,Is.Police_Station,Is.Bar,Tier,Residence.Level,Class
1079,3,-1,0,0,0,0,0,0
188,3,-1,0,0,0,0,0,0
138,3,-1,0,0,0,0,0,0
1082,3,-1,0,0,0,0,0,0
343,3,-1,0,0,0,0,0,0
2008,3,-1,0,0,0,0,0,0
510,3,-1,0,0,0,0,0,0
510,3,-1,0,0,0,0,0,0
510,3,-1,0,0,0,0,0,0
1208,3,-1,0,0,0,0,0,0
1219,3,-1,0,0,0,0,0,0
1207,3,-1,0,0,0,0,0,0
1221,3,-1,0,0,0,0,0,0
1208,3,-1,0,0,0,0,0,0
1207,3,-1,0,0,0,0,0,0
1207,3,-1,0,0,0,0,0,0
1221,3,-1,0,0,0,0,0,0
2166,3,-1,0,0,0,0,0,0
1023,3,-1,0,0,0,0,0,0
587,3,-1,0,0,0,0,0,0
2166,3,-1,0,0,0,0,0,0
2166,3,-1,0,0,0,0,0,0
1735,3,-1,0,0,0,0,0,0
1625,3,-1,0,0,0,0,0,0
1475,3,-1,0,0,0,0,0,0
103,3,-1,0,0,0,0,0,0
1484,3,-1,0,0,0,0,0,0
810,3,-1,0,0,0,0,0,0
1738,3,-1,0,0,0,0,0,0
1756,3,-1,0,0,0,0,0,0
1777,3,-1,0,0,0,0,0,0
1764,3,-1,0,0,0,0,0,0
1719,3,-1,0,0,0,0,0,0
1138,3,-1,0,0,0,0,0,0
1763,3,-1,0,0,0,0,0,0
1730,3,-1,0,0,0,0,0,0
1721,3,-1,0,0,0,0,0,0
2029,3,-1,0,0,0,0,0,0
2052,3,-1,0,0,0,0,0,0
1744,3,-1,0,0,0,0,0,0
1775,3,-1,0,0,0,0,0,0
1772,3,-1,0,0,0,0,0,0
1598,3,-1,0,0,0,0,0,0
1750,3,-1,0,0,0,0,0,0
1774,3,-1,0,0,0,0,0,0
809,3,-1,0,0,0,0,0,0
1761,3,-1,0,0,0,0,0,0
1682,3,-1,0,0,0,0,0,0
1733,3,-1,0,0,0,0,0,0
608,3,-1,0,0,0,0,0,0
510,3,-1,0,0,0,0,0,0
594,3,-1,0,0,0,0,0,0
846,3,-1,0,0,0,0,0,0
940,3,-1,0,0,0,0,0,0
940,3,-1,0,0,0,0,0,0
594,3,-1,0,0,0,0,0,0
1254,3,-1,0,0,0,0,0,0
1707,3,-1,0,0,0,0,0,0
488,3,-1,0,0,0,0,0,0
750,3,-1,0,0,0,0,0,0
488,3,-1,0,0,0,0,0,0
506,3,-1,0,0,0,0,0,0
1099,3,-1,0,0,0,0,0,0
317,3,-1,0,0,0,0,0,0
1289,3,-1,0,0,0,0,0,0
587,3,-1,0,0,0,0,0,0
594,3,-1,0,0,0,0,0,0
594,3,-1,0,0,0,0,0,0
701,3,-1,0,0,0,0,0,0
488,3,-1,0,0,0,0,0,0
488,3,-1,0,0,0,0,0,0
488,3,-1,0,0,0,0,0,0
488,3,-1,0,0,0,0,0,0
239,3,-1,0,0,0,0,0,0
96,3,-1,0,0,0,0,0,0
2021,3,-1,0,0,0,0,0,0
239,3,-1,0,0,0,0,0,0
1132,3,-1,0,0,0,0,0,0
1244,3,-1,0,0,0,0,0,0
502,3,-1,0,0,0,0,0,0
437,3,-1,0,0,0,0,0,0
437,3,-1,0,0,0,0,0,0
437,3,-1,0,0,0,0,0,0
230,3,-1,0,0,0,0,0,0
509,3,-1,0,0,0,0,0,0
664,3,-1,0,0,0,0,0,0
509,3,-1,0,0,0,0,0,0
509,3,-1,0,0,0,0,0,0
503,3,-1,0,0,0,0,0,0
1085,3,-1,0,0,0,0,0,1
1185,3,-1,0,0,0,0,0,1
532,3,-1,0,0,0,0,0,1
1077,3,-1,0,0,0,0,0,1
139,3,-1,0,0,0,0,0,1
1074,3,-1,0,0,0,0,0,1
331,3,-1,0,0,0,0,0,1
299,3,-1,0,0,0,0,0,1
1850,3,-1,0,0,0,0,0,1
2012,3,-1,0,0,0,0,0,1
2156,3,-1,0,0,0,0,0,1
510,3,-1,0,0,0,0,0,1
510,3,-1,0,0,0,0,0,1
510,3,-1,0,0,0,0,0,1
510,3,-1,0,0,0,0,0,1
1220,3,-1,0,0,0,0,0,1
1221,3,-1,0,0,0,0,0,1
594,3,-1,0,0,0,0,0,1
1935,3,-1,0,0,0,0,0,1
2166,3,-1,0,0,0,0,0,1
1221,3,-1,0,0,0,0,0,1
1207,3,-1,0,0,0,0,0,1
1207,3,-1,0,0,0,0,0,1
1225,3,-1,0,0,0,0,0,1
1207,3,-1,0,0,0,0,0,1
2166,3,-1,0,0,0,0,0,1
2166,3,-1,0,0,0,0,0,1
2166,3,-1,0,0,0,0,0,1
1206,3,-1,0,0,0,0,0,1
588,3,-1,0,0,0,0,0,1
1030,3,-1,0,0,0,0,0,1
1917,3,-1,0,0,0,0,0,1
1468,3,-1,0,0,0,0,0,1
149,3,-1,0,0,0,0,0,1
1459,3,-1,0,0,0,0,0,1
1715,3,-1,0,0,0,0,0,1
344,3,-1,0,0,0,0,0,1
772,3,-1,0,0,0,0,0,1
1473,3,-1,0,0,0,0,0,1
975,3,-1,0,0,0,0,0,1
207,3,-1,0,0,0,0,0,1
1684,3,-1,0,0,0,0,0,1
1600,3,-1,0,0,0,0,0,1
896,3,-1,0,0,0,0,0,1
774,3,-1,0,0,0,0,0,1
2240,3,-1,0,0,0,0,0,1
267,3,-1,0,0,0,0,0,1
1002,3,-1,0,0,0,0,0,1
898,3,-1,0,0,0,0,0,1
1648,3,-1,0,0,0,0,0,1
2188,3,-1,0,0,0,0,0,1
1572,3,-1,0,0,0,0,0,1
2241,3,-1,0,0,0,0,0,1
408,3,-1,0,0,0,0,0,1
2058,3,-1,0,0,0,0,0,1
1542,3,-1,0,0,0,0,0,1
1635,3,-1,0,0,0,0,0,1
1265,3,-1,0,0,0,0,0,1
395,3,-1,0,0,0,0,0,1
1963,3,-1,0,0,0,0,0,1
242,3,-1,0,0,0,0,0,1
1755,3,-1,0,0,0,0,0,1
876,3,-1,0,0,0,0,0,1
1759,3,-1,0,0,0,0,0,1
881,3,-1,0,0,0,0,0,1
880,3,-1,0,0,0,0,0,1
1696,3,-1,0,0,0,0,0,1
1927,3,-1,0,0,0,0,0,1
75,3,-1,0,0,0,0,0,1
1714,3,-1,0,0,0,0,0,1
1783,3,-1,0,0,0,0,0,1
2170,3,-1,0,0,0,0,0,1
1976,3,-1,0,0,0,0,0,1
420,3,-1,0,0,0,0,0,1
1769,3,-1,0,0,0,0,0,1
1971,3,-1,0,0,0,0,0,1
1934,3,-1,0,0,0,0,0,1
64,3,-1,0,0,0,0,0,1
1770,3,-1,0,0,0,0,0,1
1731,3,-1,0,0,0,0,0,1
370,3,-1,0,0,0,0,0,1
359,3,-1,0,0,0,0,0,1
967,3,-1,0,0,0,0,0,1
963,3,-1,0,0,0,0,0,1
1306,3,-1,0,0,0,0,0,1
1001,3,-1,0,0,0,0,0,1
400,3,-1,0,0,0,0,0,1
578,3,-1,0,0,0,0,0,1
893,3,-1,0,0,0,0,0,1
2120,3,-1,0,0,0,0,0,1
518,3,-1,0,0,0,0,0,1
326,3,-1,0,0,0,0,0,1
524,3,-1,0,0,0,0,0,1
1956,3,-1,0,0,0,0,0,1
1233,3,-1,0,0,0,0,0,1
1049,3,-1,0,0,0,0,0,1
488,3,-1,0,0,0,0,0,1
1232,3,-1,0,0,0,0,0,1
752,3,-1,0,0,0,0,0,1
2037,3,-1,0,0,0,0,0,1
328,3,-1,0,0,0,0,0,1
1257,3,-1,0,0,0,0,0,1
862,3,-1,0,0,0,0,0,1
1496,3,-1,0,0,0,0,0,1
1185,3,-1,0,0,0,0,0,1
748,3,-1,0,0,0,0,0,1
488,3,-1,0,0,0,0,0,1
1327,3,-1,0,0,0,0,0,1
750,3,-1,0,0,0,0,0,1
488,3,-1,0,0,0,0,0,1
594,3,-1,0,0,0,0,0,1
587,3,-1,0,0,0,0,0,1
683,3,-1,0,0,0,0,0,1
2252,3,-1,0,0,0,0,0,1
1316,3,-1,0,0,0,0,0,1
518,3,-1,0,0,0,0,0,1
571,3,-1,0,0,0,0,0,1
1318,3,-1,0,0,0,0,0,1
518,3,-1,0,0,0,0,0,1
674,3,-1,0,0,0,0,0,1
1096,3,-1,0,0,0,0,0,1
674,3,-1,0,0,0,0,0,1
674,3,-1,0,0,0,0,0,1
518,3,-1,0,0,0,0,0,1
1317,3,-1,0,0,0,0,0,1
2251,3,-1,0,0,0,0,0,1
1096,3,-1,0,0,0,0,0,1
2163,3,-1,0,0,0,0,0,1
50,3,-1,0,0,0,0,0,1
1005,3,-1,0,0,0,0,0,1
2251,3,-1,0,0,0,0,0,1
1316,3,-1,0,0,0,0,0,1
1227,3,-1,0,0,0,0,0,1
882,3,-1,0,0,0,0,0,1
1620,3,-1,0,0,0,0,0,1
46,3,-1,0,0,0,0,0,1
239,3,-1,0,0,0,0,0,1
230,3,-1,0,0,0,0,0,1
225,3,-1,0,0,0,0,0,1
230,3,-1,0,0,0,0,0,1
239,3,-1,0,0,0,0,0,1
239,3,-1,0,0,0,0,0,1
217,3,-1,0,0,0,0,0,1
1849,3,-1,0,0,0,0,0,1
68,3,-1,0,0,0,0,0,1
239,3,-1,0,0,0,0,0,1
502,3,-1,0,0,0,0,0,1
502,3,-1,0,0,0,0,0,1
488,3,-1,0,0,0,0,0,1
2016,3,-1,0,0,0,0,0,1
2016,3,-1,0,0,0,0,0,1
437,3,-1,0,0,0,0,0,1
437,3,-1,0,0,0,0,0,1
618,3,-1,0,0,0,0,0,1
609,3,-1,0,0,0,0,0,1
602,3,-1,0,0,0,0,0,1
602,3,-1,0,0,0,0,0,1
602,3,-1,0,0,0,0,0,1
602,3,-1,0,0,0,0,0,1
591,3,-1,0,0,0,0,0,1
2150,3,-1,0,0,0,0,0,1
2080,3,-1,0,0,0,0,0,1
2085,3,-1,0,0,0,0,0,1
2080,3,-1,0,0,0,0,0,1
591,3,-1,0,0,0,0,0,1
615,3,-1,0,0,0,0,0,1
592,3,-1,0,0,0,0,0,1
592,3,-1,0,0,0,0,0,1
610,3,-1,0,0,0,0,0,1
509,3,-1,0,0,0,0,0,1
509,3,-1,0,0,0,0,0,1
523,3,-1,0,0,0,0,0,1
509,3,-1,0,0,0,0,0,1
503,3,-1,0,0,0,0,0,1
189,3,-1,0,0,0,0,0,0
1069,3,-1,0,0,0,0,0,0
144,3,-1,0,0,0,0,0,0
1074,3,-1,0,0,0,0,0,0
1085,3,-1,0,0,0,0,0,0
1056,3,-1,0,0,0,0,0,0
1053,3,-1,0,0,0,0,0,0
1053,3,-1,0,0,0,0,0,0
332,3,-1,0,0,0,0,0,0
264,3,-1,0,0,0,0,0,0
1062,3,-1,0,0,0,0,0,0
1053,3,-1,0,0,0,0,0,0
1076,3,-1,0,0,0,0,0,0
1078,3,-1,0,0,0,0,0,0
243,3,-1,0,0,0,0,0,0
175,3,-1,0,0,0,0,0,0
1075,3,-1,0,0,0,0,0,0
1084,3,-1,0,0,0,0,0,0
1101,3,-1,0,0,0,0,0,0
1053,3,-1,0,0,0,0,0,0
1056,3,-1,0,0,0,0,0,0
1071,3,-1,0,0,0,0,0,0
1394,3,-1,0,0,0,0,0,0
620,3,-1,0,0,0,0,0,0
143,3,-1,0,0,0,0,0,0
1078,3,-1,0,0,0,0,0,0
1053,3,-1,0,0,0,0,0,0
1060,3,-1,0,0,0,0,0,0
186,3,-1,0,0,0,0,0,0
332,3,-1,0,0,0,0,0,0
143,3,-1,0,0,0,0,0,0
1105,3,-1,0,0,0,0,0,0
1337,3,-1,0,0,0,0,0,0
179,3,-1,0,0,0,0,0,0
169,3,-1,0,0,0,0,0,0
298,3,-1,0,0,0,0,0,0
276,3,-1,0,0,0,0,0,0
1053,3,-1,0,0,0,0,0,0
203,3,-1,0,0,0,0,0,0
143,3,-1,0,0,0,0,0,0
243,3,-1,0,0,0,0,0,0
298,3,-1,0,0,0,0,0,0
467,3,-1,0,0,0,0,0,0
213,3,-1,0,0,0,0,0,0
332,3,-1,0,0,0,0,0,0
213,3,-1,0,0,0,0,0,0
213,3,-1,0,0,0,0,0,0
186,3,-1,0,0,0,0,0,0
334,3,-1,0,0,0,0,0,0
1053,3,-1,0,0,0,0,0,0
1408,3,-1,0,0,0,0,0,0
143,3,-1,0,0,0,0,0,0
532,3,-1,0,0,0,0,0,0
2166,3,-1,0,0,0,0,0,0
1675,3,-1,0,0,0,0,0,0
1425,3,-1,0,0,0,0,0,0
2066,3,-1,0,0,0,0,0,0
237,3,-1,0,0,0,0,0,0
237,3,-1,0,0,0,0,0,0
237,3,-1,0,0,0,0,0,0
237,3,-1,0,0,0,0,0,0
1207,3,-1,0,0,0,0,0,0
429,3,-1,0,0,0,0,0,1
720,3,-1,0,0,0,0,0,1
1107,3,-1,0,0,0,0,0,1
1107,3,-1,0,0,0,0,0,1
720,3,-1,0,0,0,0,0,1
430,3,-1,0,0,0,0,0,1
1107,3,-1,0,0,0,0,0,1
720,3,-1,0,0,0,0,0,1
429,3,-1,0,0,0,0,0,1
740,3,-1,0,0,0,0,0,1
437,3,-1,0,0,0,0,0,1
437,3,-1,0,0,0,0,0,1
437,3,-1,0,0,0,0,0,1
437,3,-1,0,0,0,0,0,1
224,3,-1,0,0,0,0,0,1
230,3,-1,0,0,0,0,0,1
230,3,-1,0,0,0,0,0,1
224,3,-1,0,0,0,0,0,1
224,3,-1,0,0,0,0,0,1
226,3,-1,0,0,0,0,0,1
224,3,-1,0,0,0,0,0,1
617,3,-1,0,0,0,0,0,1
617,3,-1,0,0,0,0,0,1
617,3,-1,0,0,0,0,0,1
237,0,-1,0,0,0,0,0,0
237,0,-1,0,0,0,0,0,0
237,0,-1,0,0,0,0,0,0
237,0,-1,0,0,0,0,0,0
1221,0,-1,0,0,0,0,0,0
233,0,-1,0,0,0,0,0,0
2166,0,-1,0,0,0,0,0,0
684,0,-1,0,0,0,0,0,0
684,0,-1,0,0,0,0,0,0
2166,0,-1,0,0,0,0,0,0
2166,0,-1,0,0,0,0,0,0
594,0,-1,0,0,0,0,0,0
1211,0,-1,0,0,0,0,0,0
2166,0,-1,0,0,0,0,0,0
1114,0,-1,0,0,0,0,0,0
944,0,-1,0,0,0,0,0,0
1870,0,-1,0,0,0,0,0,0
1644,0,-1,0,0,0,0,0,0
1602,0,-1,0,0,0,0,0,0
1338,0,-1,0,0,0,0,0,0
1464,0,-1,0,0,0,0,0,0
1469,0,-1,0,0,0,0,0,0
1589,0,-1,0,0,0,0,0,0
1591,0,-1,0,0,0,0,0,0
1564,0,-1,0,0,0,0,0,0
100,0,-1,0,0,0,0,0,0
101,0,-1,0,0,0,0,0,0
1575,0,-1,0,0,0,0,0,0
1478,0,-1,0,0,0,0,0,0
1581,0,-1,0,0,0,0,0,0
1508,0,-1,0,0,0,0,0,0
2133,0,-1,0,0,0,0,0,0
1594,0,-1,0,0,0,0,0,0
1055,0,-1,0,0,0,0,0,0
1644,0,-1,0,0,0,0,0,0
1580,0,-1,0,0,0,0,0,0
100,0,-1,0,0,0,0,0,0
1542,0,-1,0,0,0,0,0,0
2201,0,-1,0,0,0,0,0,0
1457,0,-1,0,0,0,0,0,0
1351,0,-1,0,0,0,0,0,0
1556,0,-1,0,0,0,0,0,0
1564,0,-1,0,0,0,0,0,0
1503,0,-1,0,0,0,0,0,0
1435,0,-1,0,0,0,0,0,0
1272,0,-1,0,0,0,0,0,0
1445,0,-1,0,0,0,0,0,0
1277,0,-1,0,0,0,0,0,0
2107,0,-1,0,0,0,0,0,0
1623,0,-1,0,0,0,0,0,0
789,0,-1,0,0,0,0,0,0
924,0,-1,0,0,0,0,0,0
949,0,-1,0,0,0,0,0,0
733,0,-1,0,0,0,0,0,0
2095,0,-1,0,0,0,0,0,0
1911,0,-1,0,0,0,0,0,0
1565,0,-1,0,0,0,0,0,0
2022,0,-1,0,0,0,0,0,0
58,0,-1,0,0,0,0,0,0
231,0,-1,0,0,0,0,0,0
608,0,-1,0,0,0,0,0,0
510,0,-1,0,0,0,0,0,0
662,0,-1,0,0,0,0,0,0
391,0,-1,0,0,0,0,0,0
510,0,-1,0,0,0,0,0,0
2139,0,-1,0,0,0,0,0,0
510,0,-1,0,0,0,0,0,0
594,0,-1,0,0,0,0,0,0
587,0,-1,0,0,0,0,0,0
2138,0,-1,0,0,0,0,0,0
513,0,-1,0,0,0,0,0,0
510,0,-1,0,0,0,0,0,0
488,0,-1,0,0,0,0,0,0
26,0,-1,0,0,0,0,0,0
1491,0,-1,0,0,0,0,0,0
751,0,-1,0,0,0,0,0,0
2155,0,-1,0,0,0,0,0,0
350,0,-1,0,0,0,0,0,0
488,0,-1,0,0,0,0,0,0
750,0,-1,0,0,0,0,0,0
488,0,-1,0,0,0,0,0,0
867,0,-1,0,0,0,0,0,0
862,0,-1,0,0,0,0,0,0
1045,0,-1,0,0,0,0,0,0
1713,0,-1,0,0,0,0,0,0
862,0,-1,0,0,0,0,0,0
594,0,-1,0,0,0,0,0,0
594,0,-1,0,0,0,0,0,0
1207,0,-1,0,0,0,0,0,0
1207,0,-1,0,0,0,0,0,0
1195,0,-1,0,0,0,0,0,0
208,0,-1,0,0,0,0,0,0
54,0,-1,0,0,0,0,0,0
2141,0,-1,0,0,0,0,0,0
1147,0,-1,0,0,0,0,0,0
518,0,-1,0,0,0,0,0,0
958,0,-1,0,0,0,0,0,0
1148,0,-1,0,0,0,0,0,0
1317,0,-1,0,0,0,0,0,0
1195,0,-1,0,0,0,0,0,0
1179,0,-1,0,0,0,0,0,0
1914,0,-1,0,0,0,0,0,0
1179,0,-1,0,0,0,0,0,0
1005,0,-1,0,0,0,0,0,0
1437,0,-1,0,0,0,0,0,0
1179,0,-1,0,0,0,0,0,0
1621,0,-1,0,0,0,0,0,0
1236,0,-1,0,0,0,0,0,0
1990,0,-1,0,0,0,0,0,0
1179,0,-1,0,0,0,0,0,0
453,0,-1,0,0,0,0,0,0
435,0,-1,0,0,0,0,0,0
239,0,-1,0,0,0,0,0,0
239,0,-1,0,0,0,0,0,0
239,0,-1,0,0,0,0,0,0
1857,0,-1,0,0,0,0,0,0
1561,0,-1,0,0,0,0,0,0
151,0,-1,0,0,0,0,0,0
230,0,-1,0,0,0,0,0,0
1207,0,-1,0,0,0,0,0,0
2016,0,-1,0,0,0,0,0,0
2016,0,-1,0,0,0,0,0,0
2016,0,-1,0,0,0,0,0,0
2018,0,-1,0,0,0,0,0,0
427,0,-1,0,0,0,0,0,0
437,0,-1,0,0,0,0,0,0
437,0,-1,0,0,0,0,0,0
437,0,-1,0,0,0,0,0,0
437,0,-1,0,0,0,0,0,0
437,0,-1,0,0,0,0,0,0
437,0,-1,0,0,0,0,0,0
439,0,-1,0,0,0,0,0,0
230,0,-1,0,0,0,0,0,0
224,0,-1,0,0,0,0,0,0
224,0,-1,0,0,0,0,0,0
587,0,-1,0,0,0,0,0,0
1207,0,-1,0,0,0,0,0,0
230,0,-1,0,0,0,0,0,0
725,0,-1,0,0,0,0,0,0
1107,0,-1,0,0,0,0,0,0
720,0,-1,0,0,0,0,0,0
1610,0,-1,0,0,0,0,0,0
720,0,-1,0,0,0,0,0,0
1108,0,-1,0,0,0,0,0,0
1107,0,-1,0,0,0,0,0,0
430,0,-1,0,0,0,0,0,0
617,0,-1,0,0,0,0,0,0
617,0,-1,0,0,0,0,0,0
617,0,-1,0,0,0,0,0,0
617,0,-1,0,0,0,0,0,0
2136,0,-1,0,0,0,0,0,0
711,0,-1,0,0,0,0,0,0
2228,0,-1,0,0,0,0,0,0
1069,0,-1,0,0,0,0,0,1
335,0,-1,0,0,0,0,0,1
244,0,-1,0,0,0,0,0,1
333,0,-1,0,0,0,0,0,1
488,0,-1,0,0,0,0,0,1
215,0,-1,0,0,0,0,0,1
1063,0,-1,0,0,0,0,0,1
1069,0,-1,0,0,0,0,0,1
1053,0,-1,0,0,0,0,0,1
332,0,-1,0,0,0,0,0,1
1072,0,-1,0,0,0,0,0,1
1084,0,-1,0,0,0,0,0,1
143,0,-1,0,0,0,0,0,1
2166,0,-1,0,0,0,0,0,1
1056,0,-1,0,0,0,0,0,1
1076,0,-1,0,0,0,0,0,1
1060,0,-1,0,0,0,0,0,1
1084,0,-1,0,0,0,0,0,1
1071,0,-1,0,0,0,0,0,1
1071,0,-1,0,0,0,0,0,1
243,0,-1,0,0,0,0,0,1
332,0,-1,0,0,0,0,0,1
243,0,-1,0,0,0,0,0,1
213,0,-1,0,0,0,0,0,1
332,0,-1,0,0,0,0,0,1
186,0,-1,0,0,0,0,0,1
1071,0,-1,0,0,0,0,0,1
213,0,-1,0,0,0,0,0,1
625,0,-1,0,0,0,0,0,1
298,0,-1,0,0,0,0,0,1
298,0,-1,0,0,0,0,0,1
1053,0,-1,0,0,0,0,0,1
1058,0,-1,0,0,0,0,0,1
532,0,-1,0,0,0,0,0,1
551,0,-1,0,0,0,0,0,1
2203,0,-1,0,0,0,0,0,1
2166,0,-1,0,0,0,0,0,1
549,0,-1,0,0,0,0,0,1
2131,0,-1,0,0,0,0,0,1
532,0,-1,0,0,0,0,0,1
237,0,-1,0,0,0,0,0,1
237,0,-1,0,0,0,0,0,1
237,0,-1,0,0,0,0,0,1
237,0,-1,0,0,0,0,0,1
1221,0,-1,0,0,0,0,0,1
236,0,-1,0,0,0,0,0,1
171,0,-1,0,0,0,0,0,1
684,0,-1,0,0,0,0,0,1
1230,0,-1,0,0,0,0,0,1
435,0,-1,0,0,0,0,0,1
2166,0,-1,0,0,0,0,0,1
2166,0,-1,0,0,0,0,0,1
594,0,-1,0,0,0,0,0,1
1224,0,-1,0,0,0,0,0,1
1217,0,-1,0,0,0,0,0,1
1405,0,-1,0,0,0,0,0,1
318,0,-1,0,0,0,0,0,1
1479,0,-1,0,0,0,0,0,1
1480,0,-1,0,0,0,0,0,1
200,0,-1,0,0,0,0,0,1
114,0,-1,0,0,0,0,0,1
1954,0,-1,0,0,0,0,0,1
1471,0,-1,0,0,0,0,0,1
253,0,-1,0,0,0,0,0,1
1593,0,-1,0,0,0,0,0,1
367,0,-1,0,0,0,0,0,1
1476,0,-1,0,0,0,0,0,1
18,0,-1,0,0,0,0,0,1
1563,0,-1,0,0,0,0,0,1
1645,0,-1,0,0,0,0,0,1
34,0,-1,0,0,0,0,0,1
1403,0,-1,0,0,0,0,0,1
1347,0,-1,0,0,0,0,0,1
18,0,-1,0,0,0,0,0,1
1694,0,-1,0,0,0,0,0,1
1509,0,-1,0,0,0,0,0,1
341,0,-1,0,0,0,0,0,1
1576,0,-1,0,0,0,0,0,1
902,0,-1,0,0,0,0,0,1
1955,0,-1,0,0,0,0,0,1
423,0,-1,0,0,0,0,0,1
1887,0,-1,0,0,0,0,0,1
1032,0,-1,0,0,0,0,0,1
733,0,-1,0,0,0,0,0,1
2088,0,-1,0,0,0,0,0,1
635,0,-1,0,0,0,0,0,1
2027,0,-1,0,0,0,0,0,1
1885,0,-1,0,0,0,0,0,1
1886,0,-1,0,0,0,0,0,1
1874,0,-1,0,0,0,0,0,1
737,0,-1,0,0,0,0,0,1
403,0,-1,0,0,0,0,0,1
1274,0,-1,0,0,0,0,0,1
1885,0,-1,0,0,0,0,0,1
905,0,-1,0,0,0,0,0,1
1331,0,-1,0,0,0,0,0,1
1385,0,-1,0,0,0,0,0,1
1980,0,-1,0,0,0,0,0,1
1966,0,-1,0,0,0,0,0,1
1881,0,-1,0,0,0,0,0,1
747,0,-1,0,0,0,0,0,1
1979,0,-1,0,0,0,0,0,1
1411,0,-1,0,0,0,0,0,1
1384,0,-1,0,0,0,0,0,1
1659,0,-1,0,0,0,0,0,1
1462,0,-1,0,0,0,0,0,1
1873,0,-1,0,0,0,0,0,1
1683,0,-1,0,0,0,0,0,1
1323,0,-1,0,0,0,0,0,1
383,0,-1,0,0,0,0,0,1
718,0,-1,0,0,0,0,0,1
1413,0,-1,0,0,0,0,0,1
1326,0,-1,0,0,0,0,0,1
1339,0,-1,0,0,0,0,0,1
2184,0,-1,0,0,0,0,0,1
1633,0,-1,0,0,0,0,0,1
209,0,-1,0,0,0,0,0,1
2121,0,-1,0,0,0,0,0,1
210,0,-1,0,0,0,0,0,1
289,0,-1,0,0,0,0,0,1
594,0,-1,0,0,0,0,0,1
510,0,-1,0,0,0,0,0,1
587,0,-1,0,0,0,0,0,1
510,0,-1,0,0,0,0,0,1
510,0,-1,0,0,0,0,0,1
510,0,-1,0,0,0,0,0,1
488,0,-1,0,0,0,0,0,1
1491,0,-1,0,0,0,0,0,1
1267,0,-1,0,0,0,0,0,1
488,0,-1,0,0,0,0,0,1
488,0,-1,0,0,0,0,0,1
488,0,-1,0,0,0,0,0,1
862,0,-1,0,0,0,0,0,1
1288,0,-1,0,0,0,0,0,1
1098,0,-1,0,0,0,0,0,1
232,0,-1,0,0,0,0,0,1
594,0,-1,0,0,0,0,0,1
594,0,-1,0,0,0,0,0,1
1207,0,-1,0,0,0,0,0,1
1316,0,-1,0,0,0,0,0,1
1005,0,-1,0,0,0,0,0,1
1005,0,-1,0,0,0,0,0,1
129,0,-1,0,0,0,0,0,1
1161,0,-1,0,0,0,0,0,1
347,0,-1,0,0,0,0,0,1
640,0,-1,0,0,0,0,0,1
351,0,-1,0,0,0,0,0,1
330,0,-1,0,0,0,0,0,1
1005,0,-1,0,0,0,0,0,1
553,0,-1,0,0,0,0,0,1
323,0,-1,0,0,0,0,0,1
1492,0,-1,0,0,0,0,0,1
1321,0,-1,0,0,0,0,0,1
239,0,-1,0,0,0,0,0,1
239,0,-1,0,0,0,0,0,1
239,0,-1,0,0,0,0,0,1
230,0,-1,0,0,0,0,0,1
239,0,-1,0,0,0,0,0,1
435,0,-1,0,0,0,0,0,1
435,0,-1,0,0,0,0,0,1
431,0,-1,0,0,0,0,0,1
692,0,-1,0,0,0,0,0,1
851,0,-1,0,0,0,0,0,1
617,1,-1,0,0,0,0,0,1
2166,1,-1,0,0,0,0,0,1
2166,1,-1,0,0,0,0,0,1
687,1,-1,0,0,0,0,0,1
607,1,-1,0,0,0,0,0,1
435,1,-1,0,0,0,0,0,1
693,1,-1,0,0,0,0,0,1
607,1,-1,0,0,0,0,0,1
693,1,-1,0,0,0,0,0,1
607,1,-1,0,0,0,0,0,1
617,1,-1,0,0,0,0,0,1
617,1,-1,0,0,0,0,0,1
710,1,-1,0,0,0,0,0,1
504,1,-1,0,0,0,0,0,1
523,1,-1,0,0,0,0,0,1
509,1,-1,0,0,0,0,0,1
2067,1,-1,0,0,0,0,0,1
16,1,-1,0,0,0,0,0,1
1053,1,-1,0,0,0,0,0,1
532,1,-1,0,0,0,0,0,1
38,1,-1,0,0,0,0,0,1
133,1,-1,0,0,0,0,0,1
1053,1,-1,0,0,0,0,0,1
2010,1,-1,0,0,0,0,0,1
2011,1,-1,0,0,0,0,0,1
187,1,-1,0,0,0,0,0,1
145,1,-1,0,0,0,0,0,1
1076,1,-1,0,0,0,0,0,1
186,1,-1,0,0,0,0,0,1
276,1,-1,0,0,0,0,0,1
186,1,-1,0,0,0,0,0,1
213,1,-1,0,0,0,0,0,1
334,1,-1,0,0,0,0,0,1
1053,1,-1,0,0,0,0,0,1
334,1,-1,0,0,0,0,0,1
277,1,-1,0,0,0,0,0,1
1053,1,-1,0,0,0,0,0,1
2166,1,-1,0,0,0,0,0,1
1071,1,-1,0,0,0,0,0,1
1036,1,-1,0,0,0,0,0,1
1071,1,-1,0,0,0,0,0,1
186,1,-1,0,0,0,0,0,1
187,1,-1,0,0,0,0,0,1
186,1,-1,0,0,0,0,0,1
212,1,-1,0,0,0,0,0,1
1180,1,-1,0,0,0,0,0,1
187,1,-1,0,0,0,0,0,1
214,1,-1,0,0,0,0,0,1
187,1,-1,0,0,0,0,0,1
334,1,-1,0,0,0,0,0,1
1061,1,-1,0,0,0,0,0,1
1058,1,-1,0,0,0,0,0,1
1073,1,-1,0,0,0,0,0,1
1078,1,-1,0,0,0,0,0,1
1073,1,-1,0,0,0,0,0,1
2010,1,-1,0,0,0,0,0,1
2065,1,-1,0,0,0,0,0,1
1072,1,-1,0,0,0,0,0,1
1075,1,-1,0,0,0,0,0,1
2166,1,-1,0,0,0,0,0,1
1071,1,-1,0,0,0,0,0,1
1027,1,-1,0,0,0,0,0,1
1071,1,-1,0,0,0,0,0,1
1072,1,-1,0,0,0,0,0,1
277,1,-1,0,0,0,0,0,1
1072,1,-1,0,0,0,0,0,1
1031,1,-1,0,0,0,0,0,1
1078,1,-1,0,0,0,0,0,1
1058,1,-1,0,0,0,0,0,1
1076,1,-1,0,0,0,0,0,1
1081,1,-1,0,0,0,0,0,1
1073,1,-1,0,0,0,0,0,1
1084,1,-1,0,0,0,0,0,1
1053,1,-1,0,0,0,0,0,1
300,1,-1,0,0,0,0,0,1
245,1,-1,0,0,0,0,0,1
1057,1,-1,0,0,0,0,0,1
1056,1,-1,0,0,0,0,0,1
467,1,-1,0,0,0,0,0,1
243,1,-1,0,0,0,0,0,1
2009,1,-1,0,0,0,0,0,1
243,1,-1,0,0,0,0,0,1
1056,1,-1,0,0,0,0,0,1
2007,1,-1,0,0,0,0,0,1
213,1,-1,0,0,0,0,0,1
1076,1,-1,0,0,0,0,0,1
1058,1,-1,0,0,0,0,0,1
1084,1,-1,0,0,0,0,0,1
1104,1,-1,0,0,0,0,0,1
1084,1,-1,0,0,0,0,0,1
1081,1,-1,0,0,0,0,0,1
1072,1,-1,0,0,0,0,0,1
1075,1,-1,0,0,0,0,0,1
276,1,-1,0,0,0,0,0,1
2067,1,-1,0,0,0,0,0,1
1060,1,-1,0,0,0,0,0,1
1073,1,-1,0,0,0,0,0,1
368,1,-1,0,0,0,0,0,1
1062,1,-1,0,0,0,0,0,1
1058,1,-1,0,0,0,0,0,1
1022,1,-1,0,0,0,0,0,1
1053,1,-1,0,0,0,0,0,1
1073,1,-1,0,0,0,0,0,1
1086,1,-1,0,0,0,0,0,1
1067,1,-1,0,0,0,0,0,1
1065,1,-1,0,0,0,0,0,1
1062,1,-1,0,0,0,0,0,1
1060,1,-1,0,0,0,0,0,1
587,1,-1,0,0,0,0,0,1
1081,1,-1,0,0,0,0,0,1
189,1,-1,0,0,0,0,0,1
332,1,-1,0,0,0,0,0,1
2068,1,-1,0,0,0,0,0,1
2123,1,-1,0,0,0,0,0,1
1198,1,-1,0,0,0,0,0,1
1058,1,-1,0,0,0,0,0,1
1087,1,-1,0,0,0,0,0,1
332,1,-1,0,0,0,0,0,1
653,1,-1,0,0,0,0,0,1
143,1,-1,0,0,0,0,0,1
186,1,-1,0,0,0,0,0,1
1076,1,-1,0,0,0,0,0,1
243,1,-1,0,0,0,0,0,1
1071,1,-1,0,0,0,0,0,1
143,1,-1,0,0,0,0,0,1
594,1,-1,0,0,0,0,0,1
587,1,-1,0,0,0,0,0,1
587,1,-1,0,0,0,0,0,1
594,1,-1,0,0,0,0,0,1
594,1,-1,0,0,0,0,0,1
593,1,-1,0,0,0,0,0,1
1068,1,-1,0,0,0,0,0,1
587,1,-1,0,0,0,0,0,1
586,1,-1,0,0,0,0,0,1
582,1,-1,0,0,0,0,0,1
578,1,-1,0,0,0,0,0,1
1377,1,-1,0,0,0,0,0,1
700,1,-1,0,0,0,0,0,1
831,1,-1,0,0,0,0,0,1
833,1,-1,0,0,0,0,0,1
1401,1,-1,0,0,0,0,0,1
1342,1,-1,0,0,0,0,0,1
1848,1,-1,0,0,0,0,0,1
534,1,-1,0,0,0,0,0,1
2001,1,-1,0,0,0,0,0,1
534,1,-1,0,0,0,0,0,1
1860,1,-1,0,0,0,0,0,1
4,1,-1,0,0,0,0,0,1
1313,1,-1,0,0,0,0,0,1
803,1,-1,0,0,0,0,0,1
2187,1,-1,0,0,0,0,0,1
1360,1,-1,0,0,0,0,0,1
1359,1,-1,0,0,0,0,0,1
781,1,-1,0,0,0,0,0,1
537,1,-1,0,0,0,0,0,1
2204,1,-1,0,0,0,0,0,1
965,1,-1,0,0,0,0,0,1
1424,1,-1,0,0,0,0,0,1
1923,1,-1,0,0,0,0,0,1
1448,1,-1,0,0,0,0,0,1
722,1,-1,0,0,0,0,0,1
728,1,-1,0,0,0,0,0,1
1965,1,-1,0,0,0,0,0,1
1568,1,-1,0,0,0,0,0,1
966,1,-1,0,0,0,0,0,1
1919,1,-1,0,0,0,0,0,1
1919,1,-1,0,0,0,0,0,1
1248,1,-1,0,0,0,0,0,1
424,1,-1,0,0,0,0,0,1
805,1,-1,0,0,0,0,0,1
1389,1,-1,0,0,0,0,0,1
1358,1,-1,0,0,0,0,0,1
761,1,-1,0,0,0,0,0,1
2243,1,-1,0,0,0,0,0,1
1922,1,-1,0,0,0,0,0,1
1111,1,-1,0,0,0,0,0,1
766,1,-1,0,0,0,0,0,1
828,1,-1,0,0,0,0,0,1
829,1,-1,0,0,0,0,0,1
1841,1,-1,0,0,0,0,0,1
1566,1,-1,0,0,0,0,0,1
1112,1,-1,0,0,0,0,0,1
1569,1,-1,0,0,0,0,0,1
535,1,-1,0,0,0,0,0,1
596,1,-1,0,0,0,0,0,1
2238,1,-1,0,0,0,0,0,1
1681,1,-1,0,0,0,0,0,1
1499,1,-1,0,0,0,0,0,1
1361,1,-1,0,0,0,0,0,1
1703,1,-1,0,0,0,0,0,1
2032,1,-1,0,0,0,0,0,1
1846,1,-1,0,0,0,0,0,1
1852,1,-1,0,0,0,0,0,1
1864,1,-1,0,0,0,0,0,1
533,1,-1,0,0,0,0,0,1
1362,1,-1,0,0,0,0,0,1
1452,1,-1,0,0,0,0,0,1
1718,1,-1,0,0,0,0,0,1
834,1,-1,0,0,0,0,0,1
1137,1,-1,0,0,0,0,0,1
806,1,-1,0,0,0,0,0,1
546,1,-1,0,0,0,0,0,1
832,1,-1,0,0,0,0,0,1
1430,1,-1,0,0,0,0,0,1
1308,1,-1,0,0,0,0,0,1
1428,1,-1,0,0,0,0,0,1
672,1,-1,0,0,0,0,0,1
1762,1,-1,0,0,0,0,0,1
1451,1,-1,0,0,0,0,0,1
536,1,-1,0,0,0,0,0,1
835,1,-1,0,0,0,0,0,1
2202,1,-1,0,0,0,0,0,1
566,1,-1,0,0,0,0,0,1
964,1,-1,0,0,0,0,0,1
1429,1,-1,0,0,0,0,0,1
2063,1,-1,0,0,0,0,0,1
411,1,-1,0,0,0,0,0,1
1559,1,-1,0,0,0,0,0,1
2075,1,-1,0,0,0,0,0,1
1785,1,-1,0,0,0,0,0,1
541,1,-1,0,0,0,0,0,1
544,1,-1,0,0,0,0,0,1
1910,1,-1,0,0,0,0,0,1
540,1,-1,0,0,0,0,0,1
1555,1,-1,0,0,0,0,0,1
1766,1,-1,0,0,0,0,0,1
445,1,-1,0,0,0,0,0,1
972,1,-1,0,0,0,0,0,1
994,1,-1,0,0,0,0,0,1
444,1,-1,0,0,0,0,0,1
1640,1,-1,0,0,0,0,0,1
599,1,-1,0,0,0,0,0,1
1427,1,-1,0,0,0,0,0,1
673,2,-1,0,0,0,0,0,1
544,2,-1,0,0,0,0,0,1
1851,2,-1,0,0,0,0,0,1
1859,2,-1,0,0,0,0,0,1
1856,2,-1,0,0,0,0,0,1
836,2,-1,0,0,0,0,0,1
1866,2,-1,0,0,0,0,0,1
2152,2,-1,0,0,0,0,0,1
148,2,-1,0,0,0,0,0,1
531,2,-1,0,0,0,0,0,1
1926,2,-1,0,0,0,0,0,1
1855,2,-1,0,0,0,0,0,1
950,2,-1,0,0,0,0,0,1
622,2,-1,0,0,0,0,0,1
1400,2,-1,0,0,0,0,0,1
1520,2,-1,0,0,0,0,0,1
1197,2,-1,0,0,0,0,0,1
541,2,-1,0,0,0,0,0,1
543,2,-1,0,0,0,0,0,1
1926,2,-1,0,0,0,0,0,1
2219,2,-1,0,0,0,0,0,1
1931,2,-1,0,0,0,0,0,1
2153,2,-1,0,0,0,0,0,1
587,2,-1,0,0,0,0,0,1
532,2,-1,0,0,0,0,0,1
2166,2,-1,0,0,0,0,0,1
1854,2,-1,0,0,0,0,0,1
1853,2,-1,0,0,0,0,0,1
542,2,-1,0,0,0,0,0,1
1999,2,-1,0,0,0,0,0,1
127,2,-1,0,0,0,0,0,1
1737,2,-1,0,0,0,0,0,1
550,2,-1,0,0,0,0,0,1
1378,2,-1,0,0,0,0,0,1
223,2,-1,0,0,0,0,0,1
2129,2,-1,0,0,0,0,0,1
1341,2,-1,0,0,0,0,0,1
1558,2,-1,0,0,0,0,0,1
808,2,-1,0,0,0,0,0,1
539,2,-1,0,0,0,0,0,1
1898,2,-1,0,0,0,0,0,1
1844,2,-1,0,0,0,0,0,1
1845,2,-1,0,0,0,0,0,1
247,2,-1,0,0,0,0,0,1
1680,2,-1,0,0,0,0,0,1
1969,2,-1,0,0,0,0,0,1
1515,2,-1,0,0,0,0,0,1
538,2,-1,0,0,0,0,0,1
227,2,-1,0,0,0,0,0,1
237,2,-1,0,0,0,0,0,1
237,2,-1,0,0,0,0,0,1
233,2,-1,0,0,0,0,0,1
236,2,-1,0,0,0,0,0,1
236,2,-1,0,0,0,0,0,1
237,2,-1,0,0,0,0,0,1
234,2,-1,0,0,0,0,0,1
236,2,-1,0,0,0,0,0,1
2166,2,-1,0,0,0,0,0,1
1207,2,-1,0,0,0,0,0,1
1207,2,-1,0,0,0,0,0,1
1207,2,-1,0,0,0,0,0,1
2166,2,-1,0,0,0,0,0,1
235,2,-1,0,0,0,0,0,1
1221,2,-1,0,0,0,0,0,1
238,2,-1,0,0,0,0,0,1
1221,2,-1,0,0,0,0,0,1
233,2,-1,0,0,0,0,0,1
228,2,-1,0,0,0,0,0,1
227,2,-1,0,0,0,0,0,1
237,3,-1,0,0,0,0,0,1
237,3,-1,0,0,0,0,0,1
237,3,-1,0,0,0,0,0,1
236,3,-1,0,0,0,0,0,1
233,3,-1,0,0,0,0,0,1
2166,3,-1,0,0,0,0,0,1
233,3,-1,0,0,0,0,0,1
1207,3,-1,0,0,0,0,0,1
2166,3,-1,0,0,0,0,0,1
1211,3,-1,0,0,0,0,0,1
1212,3,-1,0,0,0,0,0,1
594,3,-1,0,0,0,0,0,1
1207,3,-1,0,0,0,0,0,1
468,3,-1,0,0,0,0,0,1
1893,3,-1,0,0,0,0,0,1
466,3,-1,0,0,0,0,0,1
468,3,-1,0,0,0,0,0,1
1212,3,-1,0,0,0,0,0,1
1211,3,-1,0,0,0,0,0,1
1209,3,-1,0,0,0,0,0,1
594,3,-1,0,0,0,0,0,1
2249,3,-1,0,0,0,0,0,1
1193,3,-1,0,0,0,0,0,1
2166,3,-1,0,0,0,0,0,1
587,3,-1,0,0,0,0,0,1
1173,3,-1,0,0,0,0,0,1
1200,3,-1,0,0,0,0,0,1
1843,3,-1,0,0,0,0,0,1
1151,3,-1,0,0,0,0,0,1
1861,3,-1,0,0,0,0,0,1
684,3,-1,0,0,0,0,0,1
688,3,-1,0,0,0,0,0,1
322,3,-1,0,0,0,0,0,1
1168,3,-1,0,0,0,0,0,1
594,3,-1,0,0,0,0,0,1
1215,3,-1,0,0,0,0,0,1
1213,3,-1,0,0,0,0,0,1
1223,3,-1,0,0,0,0,0,1
1066,3,-1,0,0,0,0,0,1
2137,3,-1,0,0,0,0,0,1
1083,3,-1,0,0,0,0,0,1
1217,3,-1,0,0,0,0,0,1
433,3,-1,0,0,0,0,0,1
2151,3,-1,0,0,0,0,0,1
2149,3,-1,0,0,0,0,0,1
587,3,-1,0,0,0,0,0,1
304,3,-1,0,0,0,0,0,1
1460,3,-1,0,0,0,0,0,1
1135,3,-1,0,0,0,0,0,1
67,3,-1,0,0,0,0,0,1
202,3,-1,0,0,0,0,0,1
199,3,-1,0,0,0,0,0,1
342,3,-1,0,0,0,0,0,1
1136,3,-1,0,0,0,0,0,1
1726,3,-1,0,0,0,0,0,1
978,3,-1,0,0,0,0,0,1
1489,3,-1,0,0,0,0,0,1
1405,3,-1,0,0,0,0,0,1
2061,3,-1,0,0,0,0,0,1
2059,3,-1,0,0,0,0,0,1
293,3,-1,0,0,0,0,0,1
1480,3,-1,0,0,0,0,0,1
2059,3,-1,0,0,0,0,0,1
1549,3,-1,0,0,0,0,0,1
1582,3,-1,0,0,0,0,0,1
1615,3,-1,0,0,0,0,0,1
1531,3,-1,0,0,0,0,0,1
773,3,-1,0,0,0,0,0,1
1055,3,-1,0,0,0,0,0,1
348,3,-1,0,0,0,0,0,1
1000,3,-1,0,0,0,0,0,1
1615,3,-1,0,0,0,0,0,1
1527,3,-1,0,0,0,0,0,1
1704,3,-1,0,0,0,0,0,1
971,3,-1,0,0,0,0,0,1
1654,3,-1,0,0,0,0,0,1
1653,3,-1,0,0,0,0,0,1
25,3,-1,0,0,0,0,0,1
17,3,-1,0,0,0,0,0,1
1631,3,-1,0,0,0,0,0,1
1663,3,-1,0,0,0,0,0,1
204,3,-1,0,0,0,0,0,1
1639,3,-1,0,0,0,0,0,1
1493,3,-1,0,0,0,0,0,1
989,3,-1,0,0,0,0,0,1
1458,3,-1,0,0,0,0,0,1
302,3,-1,0,0,0,0,0,1
154,3,-1,0,0,0,0,0,1
1698,3,-1,0,0,0,0,0,1
1420,3,-1,0,0,0,0,0,1
1523,3,-1,0,0,0,0,0,1
1467,3,-1,0,0,0,0,0,1
450,3,-1,0,0,0,0,0,1
100,3,-1,0,0,0,0,0,1
158,3,-1,0,0,0,0,0,1
342,3,-1,0,0,0,0,0,1
703,3,-1,0,0,0,0,0,1
1570,3,-1,0,0,0,0,0,1
2058,3,-1,0,0,0,0,0,1
1674,3,-1,0,0,0,0,0,1
1404,3,-1,0,0,0,0,0,1
1055,3,-1,0,0,0,0,0,1
767,3,-1,0,0,0,0,0,1
2057,3,-1,0,0,0,0,0,1
1489,3,-1,0,0,0,0,0,1
161,3,-1,0,0,0,0,0,1
1613,3,-1,0,0,0,0,0,1
2060,3,-1,0,0,0,0,0,1
707,3,-1,0,0,0,0,0,1
707,3,-1,0,0,0,0,0,1
86,3,-1,0,0,0,0,0,1
100,3,-1,0,0,0,0,0,1
2060,3,-1,0,0,0,0,0,1
1624,3,-1,0,0,0,0,0,1
1666,3,-1,0,0,0,0,0,1
21,3,-1,0,0,0,0,0,1
1350,3,-1,0,0,0,0,0,1
100,3,-1,0,0,0,0,0,1
1929,3,-1,0,0,0,0,0,1
705,3,-1,0,0,0,0,0,1
201,3,-1,0,0,0,0,0,1
708,3,-1,0,0,0,0,0,1
1643,3,-1,0,0,0,0,0,1
1595,3,-1,0,0,0,0,0,1
166,3,-1,0,0,0,0,0,1
1482,3,-1,0,0,0,0,0,1
1506,3,-1,0,0,0,0,0,1
261,3,-1,0,0,0,0,0,1
280,3,-1,0,0,0,0,0,1
1532,3,-1,0,0,0,0,0,1
1655,3,-1,0,0,0,0,0,1
1588,3,-1,0,0,0,0,0,1
176,3,-1,0,0,0,0,0,1
1528,3,-1,0,0,0,0,0,1
1557,3,-1,0,0,0,0,0,1
1539,3,-1,0,0,0,0,0,1
1529,3,-1,0,0,0,0,0,1
365,3,-1,0,0,0,0,0,1
419,3,-1,0,0,0,0,0,1
165,3,-1,0,0,0,0,0,1
1557,3,-1,0,0,0,0,0,1
337,3,-1,0,0,0,0,0,1
1465,3,-1,0,0,0,0,0,1
703,3,-1,0,0,0,0,0,1
122,3,-1,0,0,0,0,0,1
702,3,-1,0,0,0,0,0,1
999,3,-1,0,0,0,0,0,1
1629,3,-1,0,0,0,0,0,1
1344,3,-1,0,0,0,0,0,1
1205,3,-1,0,0,0,0,0,1
1749,3,-1,0,0,0,0,0,1
802,3,-1,0,0,0,0,0,1
987,3,-1,0,0,0,0,0,1
986,3,-1,0,0,0,0,0,1
1627,3,-1,0,0,0,0,0,1
1498,3,-1,0,0,0,0,0,1
985,3,-1,0,0,0,0,0,1
707,3,-1,0,0,0,0,0,1
1600,3,-1,0,0,0,0,0,1
1054,3,-1,0,0,0,0,0,1
1474,3,-1,0,0,0,0,0,1
1470,3,-1,0,0,0,0,0,1
358,3,-1,0,0,0,0,0,1
71,3,-1,0,0,0,0,0,1
1461,3,-1,0,0,0,0,0,1
249,3,-1,0,0,0,0,0,1
37,3,-1,0,0,0,0,0,1
707,3,-1,0,0,0,0,0,1
1641,3,-1,0,0,0,0,0,1
1348,3,-1,0,0,0,0,0,1
1717,3,-1,0,0,0,0,0,1
2058,3,-1,0,0,0,0,0,1
770,3,-1,0,0,0,0,0,1
1305,3,-1,0,0,0,0,0,1
1671,3,-1,0,0,0,0,0,1
1560,3,-1,0,0,0,0,0,1
1506,3,-1,0,0,0,0,0,1
1614,3,-1,0,0,0,0,0,1
389,3,-1,0,0,0,0,0,1
22,3,-1,0,0,0,0,0,1
1614,3,-1,0,0,0,0,0,1
1667,3,-1,0,0,0,0,0,1
1668,3,-1,0,0,0,0,0,1
1592,3,-1,0,0,0,0,0,1
1970,3,-1,0,0,0,0,0,1
1877,3,-1,0,0,0,0,0,1
231,3,-1,0,0,0,0,0,1
1960,3,-1,0,0,0,0,0,1
2171,3,-1,0,0,0,0,0,1
1330,3,-1,0,0,0,0,0,1
1415,3,-1,0,0,0,0,0,1
935,3,-1,0,0,0,0,0,1
376,3,-1,0,0,0,0,0,1
745,3,-1,0,0,0,0,0,1
1274,3,-1,0,0,0,0,0,1
1884,3,-1,0,0,0,0,0,1
733,3,-1,0,0,0,0,0,1
2183,3,-1,0,0,0,0,0,1
1275,3,-1,0,0,0,0,0,1
738,3,-1,0,0,0,0,0,1
2113,3,-1,0,0,0,0,0,1
1441,3,-1,0,0,0,0,0,1
374,3,-1,0,0,0,0,0,1
2025,3,-1,0,0,0,0,0,1
878,3,-1,0,0,0,0,0,1
1271,3,-1,0,0,0,0,0,1
1364,3,-1,0,0,0,0,0,1
797,3,-1,0,0,0,0,0,1
1911,3,-1,0,0,0,0,0,1
1280,3,-1,0,0,0,0,0,1
1891,3,-1,0,0,0,0,0,1
2183,3,-1,0,0,0,0,0,1
741,3,-1,0,0,0,0,0,1
799,3,-1,0,0,0,0,0,1
1043,3,-1,0,0,0,0,0,1
1878,3,-1,0,0,0,0,0,1
1011,3,-1,0,0,0,0,0,1
744,3,-1,0,0,0,0,0,1
2051,3,-1,0,0,0,0,0,1
1890,3,-1,0,0,0,0,0,1
1892,3,-1,0,0,0,0,0,1
1271,3,-1,0,0,0,0,0,1
2171,3,-1,0,0,0,0,0,1
1330,3,-1,0,0,0,0,0,1
379,3,-1,0,0,0,0,0,1
1275,3,-1,0,0,0,0,0,1
637,3,-1,0,0,0,0,0,1
847,3,-1,0,0,0,0,0,1
1959,3,-1,0,0,0,0,0,1
2189,3,-1,0,0,0,0,0,1
1201,3,-1,0,0,0,0,0,1
788,3,-1,0,0,0,0,0,1
1309,3,-1,0,0,0,0,0,1
2209,3,-1,0,0,0,0,0,1
1885,3,-1,0,0,0,0,0,1
1276,3,-1,0,0,0,0,0,1
2176,3,-1,0,0,0,0,0,1
747,3,-1,0,0,0,0,0,1
2054,3,-1,0,0,0,0,0,1
2221,3,-1,0,0,0,0,0,1
2089,3,-1,0,0,0,0,0,1
2090,3,-1,0,0,0,0,0,1
384,3,-1,0,0,0,0,0,1
2174,3,-1,0,0,0,0,0,1
887,3,-1,0,0,0,0,0,1
1920,3,-1,0,0,0,0,0,1
1177,3,-1,0,0,0,0,0,1
1878,3,-1,0,0,0,0,0,1
785,3,-1,0,0,0,0,0,1
369,3,-1,0,0,0,0,0,1
1992,3,-1,0,0,0,0,0,1
2115,3,-1,0,0,0,0,0,1
888,3,-1,0,0,0,0,0,1
2111,3,-1,0,0,0,0,0,1
797,3,-1,0,0,0,0,0,1
387,3,-1,0,0,0,0,0,1
2070,3,-1,0,0,0,0,0,1
1274,3,-1,0,0,0,0,0,1
1274,3,-1,0,0,0,0,0,1
102,3,-1,0,0,0,0,0,1
2171,3,-1,0,0,0,0,0,1
887,3,-1,0,0,0,0,0,1
729,3,-1,0,0,0,0,0,1
1303,3,-1,0,0,0,0,0,1
1275,3,-1,0,0,0,0,0,1
1170,3,-1,0,0,0,0,0,1
2172,3,-1,0,0,0,0,0,1
729,3,-1,0,0,0,0,0,1
2210,3,-1,0,0,0,0,0,1
790,3,-1,0,0,0,0,0,1
548,3,-1,0,0,0,0,0,1
402,3,-1,0,0,0,0,0,1
1274,3,-1,0,0,0,0,0,1
1436,3,-1,0,0,0,0,0,1
1982,3,-1,0,0,0,0,0,1
907,3,-1,0,0,0,0,0,1
396,3,-1,0,0,0,0,0,1
1874,3,-1,0,0,0,0,0,1
1052,3,-1,0,0,0,0,0,1
376,3,-1,0,0,0,0,0,1
1323,3,-1,0,0,0,0,0,1
1170,3,-1,0,0,0,0,0,1
746,3,-1,0,0,0,0,0,1
1885,3,-1,0,0,0,0,0,1
733,3,-1,0,0,0,0,0,1
790,3,-1,0,0,0,0,0,1
2193,3,-1,0,0,0,0,0,1
2070,3,-1,0,0,0,0,0,1
826,3,-1,0,0,0,0,0,1
1885,3,-1,0,0,0,0,0,1
907,3,-1,0,0,0,0,0,1
1882,3,-1,0,0,0,0,0,1
399,3,-1,0,0,0,0,0,1
1880,3,-1,0,0,0,0,0,1
733,3,-1,0,0,0,0,0,1
921,3,-1,0,0,0,0,0,1
1889,3,-1,0,0,0,0,0,1
1911,3,-1,0,0,0,0,0,1
668,3,-1,0,0,0,0,0,1
887,3,-1,0,0,0,0,0,1
2092,3,-1,0,0,0,0,0,1
1271,3,-1,0,0,0,0,0,1
1896,3,-1,0,0,0,0,0,1
714,3,-1,0,0,0,0,0,1
1174,3,-1,0,0,0,0,0,1
556,3,-1,0,0,0,0,0,1
1874,3,-1,0,0,0,0,0,1
2213,3,-1,0,0,0,0,0,1
1443,3,-1,0,0,0,0,0,1
733,3,-1,0,0,0,0,0,1
376,3,-1,0,0,0,0,0,1
1382,3,-1,0,0,0,0,0,1
457,3,-1,0,0,0,0,0,1
404,3,-1,0,0,0,0,0,1
1304,3,-1,0,0,0,0,0,1
1280,3,-1,0,0,0,0,0,1
889,3,-1,0,0,0,0,0,1
733,3,-1,0,0,0,0,0,1
394,3,-1,0,0,0,0,0,1
2171,3,-1,0,0,0,0,0,1
2097,3,-1,0,0,0,0,0,1
1878,3,-1,0,0,0,0,0,1
1878,3,-1,0,0,0,0,0,1
826,3,-1,0,0,0,0,0,1
390,3,-1,0,0,0,0,0,1
2186,3,-1,0,0,0,0,0,1
1307,3,-1,0,0,0,0,0,1
1110,3,-1,0,0,0,0,0,1
376,3,-1,0,0,0,0,0,1
932,3,-1,0,0,0,0,0,1
634,3,-1,0,0,0,0,0,1
1874,3,-1,0,0,0,0,0,1
2212,3,-1,0,0,0,0,0,1
746,3,-1,0,0,0,0,0,1
1281,3,-1,0,0,0,0,0,1
924,3,-1,0,0,0,0,0,1
1879,3,-1,0,0,0,0,0,1
2195,3,-1,0,0,0,0,0,1
1875,3,-1,0,0,0,0,0,1
1875,3,-1,0,0,0,0,0,1
2175,3,-1,0,0,0,0,0,1
1500,3,-1,0,0,0,0,0,1
2096,3,-1,0,0,0,0,0,1
923,3,-1,0,0,0,0,0,1
1911,3,-1,0,0,0,0,0,1
373,3,-1,0,0,0,0,0,1
634,3,-1,0,0,0,0,0,1
1516,3,-1,0,0,0,0,0,1
2013,3,-1,0,0,0,0,0,1
1875,3,-1,0,0,0,0,0,1
786,3,-1,0,0,0,0,0,1
1521,3,-1,0,0,0,0,0,1
1167,3,-1,0,0,0,0,0,1
884,3,-1,0,0,0,0,0,1
1881,3,-1,0,0,0,0,0,1
69,3,-1,0,0,0,0,0,1
1937,3,-1,0,0,0,0,0,1
2091,3,-1,0,0,0,0,0,1
2093,3,-1,0,0,0,0,0,1
884,3,-1,0,0,0,0,0,1
1004,3,-1,0,0,0,0,0,1
2192,3,-1,0,0,0,0,0,1
1004,3,-1,0,0,0,0,0,1
854,3,-1,0,0,0,0,0,1
1407,3,-1,0,0,0,0,0,1
906,3,-1,0,0,0,0,0,1
894,3,-1,0,0,0,0,0,1
885,3,-1,0,0,0,0,0,1
382,3,-1,0,0,0,0,0,1
1329,3,-1,0,0,0,0,0,1
1340,3,-1,0,0,0,0,0,1
719,3,-1,0,0,0,0,0,1
456,3,-1,0,0,0,0,0,1
2020,3,-1,0,0,0,0,0,1
382,3,-1,0,0,0,0,0,1
1366,3,-1,0,0,0,0,0,1
1088,3,-1,0,0,0,0,0,1
77,3,-1,0,0,0,0,0,1
1380,3,-1,0,0,0,0,0,1
1381,3,-1,0,0,0,0,0,1
1466,3,-1,0,0,0,0,0,1
1992,3,-1,0,0,0,0,0,1
651,3,-1,0,0,0,0,0,1
381,3,-1,0,0,0,0,0,1
1522,3,-1,0,0,0,0,0,1
1940,3,-1,0,0,0,0,0,1
858,3,-1,0,0,0,0,0,1
787,3,-1,0,0,0,0,0,1
563,3,-1,0,0,0,0,0,1
1414,3,-1,0,0,0,0,0,1
2208,3,-1,0,0,0,0,0,1
405,3,-1,0,0,0,0,0,1
1240,3,-1,0,0,0,0,0,1
1396,3,-1,0,0,0,0,0,1
717,3,-1,0,0,0,0,0,1
1171,3,-1,0,0,0,0,0,1
106,3,-1,0,0,0,0,0,1
1981,3,-1,0,0,0,0,0,1
372,3,-1,0,0,0,0,0,1
134,3,-1,0,0,0,0,0,1
650,3,-1,0,0,0,0,0,1
894,3,-1,0,0,0,0,0,1
1370,3,-1,0,0,0,0,0,1
1410,3,-1,0,0,0,0,0,1
413,3,-1,0,0,0,0,0,1
1172,3,-1,0,0,0,0,0,1
1536,3,-1,0,0,0,0,0,1
787,3,-1,0,0,0,0,0,1
66,3,-1,0,0,0,0,0,1
855,3,-1,0,0,0,0,0,1
36,3,-1,0,0,0,0,0,1
1678,3,-1,0,0,0,0,0,1
270,3,-1,0,0,0,0,0,1
1375,3,-1,0,0,0,0,0,1
1911,3,-1,0,0,0,0,0,1
155,3,-1,0,0,0,0,0,1
1504,3,-1,0,0,0,0,0,1
669,3,-1,0,0,0,0,0,1
97,3,-1,0,0,0,0,0,1
906,3,-1,0,0,0,0,0,1
1417,3,-1,0,0,0,0,0,1
1235,3,-1,0,0,0,0,0,1
906,3,-1,0,0,0,0,0,1
552,3,-1,0,0,0,0,0,1
1434,3,-1,0,0,0,0,0,1
1939,3,-1,0,0,0,0,0,1
62,3,-1,0,0,0,0,0,1
1109,3,-1,0,0,0,0,0,1
1324,3,-1,0,0,0,0,0,1
2211,3,-1,0,0,0,0,0,1
2161,3,-1,0,0,0,0,0,1
84,3,-1,0,0,0,0,0,1
1433,3,-1,0,0,0,0,0,1
2144,3,-1,0,0,0,0,0,1
1416,3,-1,0,0,0,0,0,1
306,3,-1,0,0,0,0,0,1
283,3,-1,0,0,0,0,0,1
631,3,-1,0,0,0,0,0,1
1431,3,-1,0,0,0,0,0,1
1942,3,-1,0,0,0,0,0,1
449,3,-1,0,0,0,0,0,1
2196,3,-1,0,0,0,0,0,1
2048,3,-1,0,0,0,0,0,1
2234,3,-1,0,0,0,0,0,1
1423,3,-1,0,0,0,0,0,1
112,3,-1,0,0,0,0,0,1
819,3,-1,0,0,0,0,0,1
2031,3,-1,0,0,0,0,0,1
126,3,-1,0,0,0,0,0,1
1967,3,-1,0,0,0,0,0,1
1383,3,-1,0,0,0,0,0,1
2179,3,-1,0,0,0,0,0,1
1606,3,-1,0,0,0,0,0,1
734,3,-1,0,0,0,0,0,1
2094,3,-1,0,0,0,0,0,1
385,3,-1,0,0,0,0,0,1
2102,3,-1,0,0,0,0,0,1
2112,3,-1,0,0,0,0,0,1
2247,3,-1,0,0,0,0,0,1
282,3,-1,0,0,0,0,0,1
120,3,-1,0,0,0,0,0,1
2110,3,-1,0,0,0,0,0,1
124,3,-1,0,0,0,0,0,1
353,3,-1,0,0,0,0,0,1
1372,3,-1,0,0,0,0,0,1
886,3,-1,0,0,0,0,0,1
95,3,-1,0,0,0,0,0,1
177,3,-1,0,0,0,0,0,1
579,3,-1,0,0,0,0,0,1
936,3,-1,0,0,0,0,0,1
1998,3,-1,0,0,0,0,0,1
295,3,-1,0,0,0,0,0,1
42,3,-1,0,0,0,0,0,1
1419,3,-1,0,0,0,0,0,1
288,3,-1,0,0,0,0,0,1
1863,3,-1,0,0,0,0,0,1
2166,3,-1,0,0,0,0,0,1
1207,3,-1,0,0,0,0,0,1
2166,3,-1,0,0,0,0,0,1
2166,3,-1,0,0,0,0,0,1
587,3,-1,0,0,0,0,0,1
587,3,-1,0,0,0,0,0,1
2178,3,-1,0,0,0,0,0,1
579,3,-1,0,0,0,0,0,1
730,3,-1,0,0,0,0,0,1
2114,3,-1,0,0,0,0,0,1
1264,3,-1,0,0,0,0,0,1
594,3,-1,0,0,0,0,0,1
1972,3,-1,0,0,0,0,0,1
1908,3,-1,0,0,0,0,0,1
594,3,-1,0,0,0,0,0,1
2117,3,-1,0,0,0,0,0,1
2246,3,-1,0,0,0,0,0,1
594,3,-1,0,0,0,0,0,1
587,3,-1,0,0,0,0,0,1
594,3,-1,0,0,0,0,0,1
594,3,-1,0,0,0,0,0,1
608,3,-1,0,0,0,0,0,1
608,3,-1,0,0,0,0,0,1
608,3,-1,0,0,0,0,0,1
510,3,-1,0,0,0,0,0,1
514,3,-1,0,0,0,0,0,1
2140,3,-1,0,0,0,0,0,1
524,3,-1,0,0,0,0,0,1
392,3,-1,0,0,0,0,0,1
892,3,-1,0,0,0,0,0,1
488,3,-1,0,0,0,0,0,1
510,3,-1,0,0,0,0,0,1
510,3,-1,0,0,0,0,0,1
462,3,-1,0,0,0,0,0,1
513,3,-1,0,0,0,0,0,1
582,3,-1,0,0,0,0,0,1
1957,3,-1,0,0,0,0,0,1
890,3,-1,0,0,0,0,0,1
757,3,-1,0,0,0,0,0,1
866,3,-1,0,0,0,0,0,1
1266,3,-1,0,0,0,0,0,1
1295,3,-1,0,0,0,0,0,1
997,3,-1,0,0,0,0,0,1
984,3,-1,0,0,0,0,0,1
98,3,-1,0,0,0,0,0,1
891,3,-1,0,0,0,0,0,1
1789,3,-1,0,0,0,0,0,1
947,3,-1,0,0,0,0,0,1
1626,3,-1,0,0,0,0,0,1
865,3,-1,0,0,0,0,0,1
823,3,-1,0,0,0,0,0,1
454,3,-1,0,0,0,0,0,1
1705,3,-1,0,0,0,0,0,1
811,3,-1,0,0,0,0,0,1
983,3,-1,0,0,0,0,0,1
2014,3,-1,0,0,0,0,0,1
1706,3,-1,0,0,0,0,0,1
191,3,-1,0,0,0,0,0,1
1888,3,-1,0,0,0,0,0,1
793,3,-1,0,0,0,0,0,1
1253,3,-1,0,0,0,0,0,1
1446,3,-1,0,0,0,0,0,1
1021,3,-1,0,0,0,0,0,1
1393,3,-1,0,0,0,0,0,1
1283,3,-1,0,0,0,0,0,1
1768,3,-1,0,0,0,0,0,1
1747,3,-1,0,0,0,0,0,1
1234,3,-1,0,0,0,0,0,1
340,3,-1,0,0,0,0,0,1
388,3,-1,0,0,0,0,0,1
2019,3,-1,0,0,0,0,0,1
1095,3,-1,0,0,0,0,0,1
1037,3,-1,0,0,0,0,0,1
1287,3,-1,0,0,0,0,0,1
1786,3,-1,0,0,0,0,0,1
1297,3,-1,0,0,0,0,0,1
1895,3,-1,0,0,0,0,0,1
1298,3,-1,0,0,0,0,0,1
2254,3,-1,0,0,0,0,0,1
489,3,-1,0,0,0,0,0,1
595,3,-1,0,0,0,0,0,1
753,3,-1,0,0,0,0,0,1
1291,3,-1,0,0,0,0,0,1
627,3,-1,0,0,0,0,0,1
1025,3,-1,0,0,0,0,0,1
860,3,-1,0,0,0,0,0,1
1039,3,-1,0,0,0,0,0,1
1294,3,-1,0,0,0,0,0,1
2125,3,-1,0,0,0,0,0,1
925,3,-1,0,0,0,0,0,1
2069,3,-1,0,0,0,0,0,1
1447,3,-1,0,0,0,0,0,1
1270,3,-1,0,0,0,0,0,1
920,3,-1,0,0,0,0,0,1
325,3,-1,0,0,0,0,0,1
764,3,-1,0,0,0,0,0,1
1033,3,-1,0,0,0,0,0,1
1720,3,-1,0,0,0,0,0,1
2127,3,-1,0,0,0,0,0,1
259,3,-1,0,0,0,0,0,1
1672,3,-1,0,0,0,0,0,1
422,3,-1,0,0,0,0,0,1
1044,3,-1,0,0,0,0,0,1
2086,3,-1,0,0,0,0,0,1
296,3,-1,0,0,0,0,0,1
2124,3,-1,0,0,0,0,0,1
2103,3,-1,0,0,0,0,0,1
627,3,-1,0,0,0,0,0,1
598,3,-1,0,0,0,0,0,1
2038,3,-1,0,0,0,0,0,1
2253,3,-1,0,0,0,0,0,1
922,3,-1,0,0,0,0,0,1
2039,3,-1,0,0,0,0,0,1
1647,3,-1,0,0,0,0,0,1
1017,3,-1,0,0,0,0,0,1
441,3,-1,0,0,0,0,0,1
1984,3,-1,0,0,0,0,0,1
597,3,-1,0,0,0,0,0,1
442,3,-1,0,0,0,0,0,1
993,3,-1,0,0,0,0,0,1
783,3,-1,0,0,0,0,0,1
1016,3,-1,0,0,0,0,0,1
960,3,-1,0,0,0,0,0,1
792,3,-1,0,0,0,0,0,1
754,3,-1,0,0,0,0,0,1
621,3,-1,0,0,0,0,0,1
1293,3,-1,0,0,0,0,0,1
357,3,-1,0,0,0,0,0,1
824,3,-1,0,0,0,0,0,1
1709,3,-1,0,0,0,0,0,1
864,3,-1,0,0,0,0,0,1
749,3,-1,0,0,0,0,0,1
1924,3,-1,0,0,0,0,0,1
1034,3,-1,0,0,0,0,0,1
933,3,-1,0,0,0,0,0,1
863,3,-1,0,0,0,0,0,1
2072,3,-1,0,0,0,0,0,1
338,3,-1,0,0,0,0,0,1
1302,3,-1,0,0,0,0,0,1
1106,3,-1,0,0,0,0,0,1
791,3,-1,0,0,0,0,0,1
1285,3,-1,0,0,0,0,0,1
31,3,-1,0,0,0,0,0,1
125,3,-1,0,0,0,0,0,1
1035,3,-1,0,0,0,0,0,1
961,3,-1,0,0,0,0,0,1
2233,3,-1,0,0,0,0,0,1
1256,3,-1,0,0,0,0,0,1
895,3,-1,0,0,0,0,0,1
973,3,-1,0,0,0,0,0,1
1020,3,-1,0,0,0,0,0,1
930,3,-1,0,0,0,0,0,1
929,3,-1,0,0,0,0,0,1
626,3,-1,0,0,0,0,0,1
982,3,-1,0,0,0,0,0,1
1450,3,-1,0,0,0,0,0,1
557,3,-1,0,0,0,0,0,1
821,3,-1,0,0,0,0,0,1
3,3,-1,0,0,0,0,0,1
2190,3,-1,0,0,0,0,0,1
765,3,-1,0,0,0,0,0,1
1449,3,-1,0,0,0,0,0,1
1018,3,-1,0,0,0,0,0,1
561,3,-1,0,0,0,0,0,1
565,3,-1,0,0,0,0,0,1
63,3,-1,0,0,0,0,0,1
1301,3,-1,0,0,0,0,0,1
1968,3,-1,0,0,0,0,0,1
1292,3,-1,0,0,0,0,0,1
1040,3,-1,0,0,0,0,0,1
1028,3,-1,0,0,0,0,0,1
861,3,-1,0,0,0,0,0,1
1019,3,-1,0,0,0,0,0,1
2244,3,-1,0,0,0,0,0,1
1255,3,-1,0,0,0,0,0,1
1038,3,-1,0,0,0,0,0,1
589,3,-1,0,0,0,0,0,1
753,3,-1,0,0,0,0,0,1
1260,3,-1,0,0,0,0,0,1
443,3,-1,0,0,0,0,0,1
1290,3,-1,0,0,0,0,0,1
1282,3,-1,0,0,0,0,0,1
864,3,-1,0,0,0,0,0,1
1042,3,-1,0,0,0,0,0,1
1041,3,-1,0,0,0,0,0,1
1207,3,-1,0,0,0,0,0,1
588,3,-1,0,0,0,0,0,1
588,3,-1,0,0,0,0,0,1
588,3,-1,0,0,0,0,0,1
2258,3,-1,0,0,0,0,0,1
488,3,-1,0,0,0,0,0,1
51,3,-1,0,0,0,0,0,1
957,3,-1,0,0,0,0,0,1
2257,3,-1,0,0,0,0,0,1
491,3,-1,0,0,0,0,0,1
1128,3,-1,0,0,0,0,0,1
1007,3,-1,0,0,0,0,0,1
471,3,-1,0,0,0,0,0,1
1603,3,-1,0,0,0,0,0,1
1123,3,-1,0,0,0,0,0,1
1093,3,-1,0,0,0,0,0,1
491,3,-1,0,0,0,0,0,1
493,3,-1,0,0,0,0,0,1
1128,3,-1,0,0,0,0,0,1
955,3,-1,0,0,0,0,0,1
488,3,-1,0,0,0,0,0,1
1269,3,-1,0,0,0,0,0,1
472,3,-1,0,0,0,0,0,1
1261,3,-1,0,0,0,0,0,1
647,3,-1,0,0,0,0,0,1
1262,3,-1,0,0,0,0,0,1
2259,3,-1,0,0,0,0,0,1
1129,3,-1,0,0,0,0,0,1
491,3,-1,0,0,0,0,0,1
490,3,-1,0,0,0,0,0,1
271,3,-1,0,0,0,0,0,1
1129,3,-1,0,0,0,0,0,1
2143,3,-1,0,0,0,0,0,1
1126,3,-1,0,0,0,0,0,1
1126,3,-1,0,0,0,0,0,1
1141,3,-1,0,0,0,0,0,1
843,3,-1,0,0,0,0,0,1
290,3,-1,0,0,0,0,0,1
308,3,-1,0,0,0,0,0,1
1008,3,-1,0,0,0,0,0,1
844,3,-1,0,0,0,0,0,1
1163,3,-1,0,0,0,0,0,1
1140,3,-1,0,0,0,0,0,1
1116,3,-1,0,0,0,0,0,1
946,3,-1,0,0,0,0,0,1
1453,3,-1,0,0,0,0,0,1
2261,3,-1,0,0,0,0,0,1
1159,3,-1,0,0,0,0,0,1
257,3,-1,0,0,0,0,0,1
974,3,-1,0,0,0,0,0,1
1123,3,-1,0,0,0,0,0,1
1369,3,-1,0,0,0,0,0,1
90,3,-1,0,0,0,0,0,1
1251,3,-1,0,0,0,0,0,1
110,3,-1,0,0,0,0,0,1
1997,3,-1,0,0,0,0,0,1
1,3,-1,0,0,0,0,0,1
1868,3,-1,0,0,0,0,0,1
948,3,-1,0,0,0,0,0,1
94,3,-1,0,0,0,0,0,1
488,3,-1,0,0,0,0,0,1
1525,3,-1,0,0,0,0,0,1
1809,3,-1,0,0,0,0,0,1
1802,3,-1,0,0,0,0,0,1
1804,3,-1,0,0,0,0,0,1
1822,3,-1,0,0,0,0,0,1
1795,3,-1,0,0,0,0,0,1
1823,3,-1,0,0,0,0,0,1
1798,3,-1,0,0,0,0,0,1
1827,3,-1,0,0,0,0,0,1
303,3,-1,0,0,0,0,0,1
1006,3,-1,0,0,0,0,0,1
645,3,-1,0,0,0,0,0,1
356,3,-1,0,0,0,0,0,1
121,3,-1,0,0,0,0,0,1
991,3,-1,0,0,0,0,0,1
1909,3,-1,0,0,0,0,0,1
1796,3,-1,0,0,0,0,0,1
258,3,-1,0,0,0,0,0,1
116,3,-1,0,0,0,0,0,1
206,3,-1,0,0,0,0,0,1
206,3,-1,0,0,0,0,0,1
1830,3,-1,0,0,0,0,0,1
263,3,-1,0,0,0,0,0,1
573,3,-1,0,0,0,0,0,1
1126,3,-1,0,0,0,0,0,1
1656,3,-1,0,0,0,0,0,1
309,3,-1,0,0,0,0,0,1
1902,3,-1,0,0,0,0,0,1
1006,3,-1,0,0,0,0,0,1
361,3,-1,0,0,0,0,0,1
157,3,-1,0,0,0,0,0,1
1791,3,-1,0,0,0,0,0,1
1808,3,-1,0,0,0,0,0,1
1792,3,-1,0,0,0,0,0,1
1821,3,-1,0,0,0,0,0,1
1810,3,-1,0,0,0,0,0,1
1409,3,-1,0,0,0,0,0,1
184,3,-1,0,0,0,0,0,1
2034,3,-1,0,0,0,0,0,1
654,3,-1,0,0,0,0,0,1
1552,3,-1,0,0,0,0,0,1
777,3,-1,0,0,0,0,0,1
1661,3,-1,0,0,0,0,0,1
955,3,-1,0,0,0,0,0,1
934,3,-1,0,0,0,0,0,1
180,3,-1,0,0,0,0,0,1
2227,3,-1,0,0,0,0,0,1
0,3,-1,0,0,0,0,0,1
49,3,-1,0,0,0,0,0,1
1814,3,-1,0,0,0,0,0,1
448,3,-1,0,0,0,0,0,1
156,3,-1,0,0,0,0,0,1
284,3,-1,0,0,0,0,0,1
266,3,-1,0,0,0,0,0,1
1481,3,-1,0,0,0,0,0,1
30,3,-1,0,0,0,0,0,1
170,3,-1,0,0,0,0,0,1
977,3,-1,0,0,0,0,0,1
1801,3,-1,0,0,0,0,0,1
287,3,-1,0,0,0,0,0,1
990,3,-1,0,0,0,0,0,1
1901,3,-1,0,0,0,0,0,1
1847,3,-1,0,0,0,0,0,1
109,3,-1,0,0,0,0,0,1
779,3,-1,0,0,0,0,0,1
153,3,-1,0,0,0,0,0,1
992,3,-1,0,0,0,0,0,1
2053,3,-1,0,0,0,0,0,1
162,3,-1,0,0,0,0,0,1
1803,3,-1,0,0,0,0,0,1
79,3,-1,0,0,0,0,0,1
360,3,-1,0,0,0,0,0,1
656,3,-1,0,0,0,0,0,1
117,3,-1,0,0,0,0,0,1
319,3,-1,0,0,0,0,0,1
78,3,-1,0,0,0,0,0,1
1790,3,-1,0,0,0,0,0,1
111,3,-1,0,0,0,0,0,1
35,3,-1,0,0,0,0,0,1
132,3,-1,0,0,0,0,0,1
119,3,-1,0,0,0,0,0,1
44,3,-1,0,0,0,0,0,1
55,3,-1,0,0,0,0,0,1
285,3,-1,0,0,0,0,0,1
115,3,-1,0,0,0,0,0,1
241,3,-1,0,0,0,0,0,1
1599,3,-1,0,0,0,0,0,1
131,3,-1,0,0,0,0,0,1
1991,3,-1,0,0,0,0,0,1
1440,3,-1,0,0,0,0,0,1
150,3,-1,0,0,0,0,0,1
57,3,-1,0,0,0,0,0,1
570,3,-1,0,0,0,0,0,1
2258,3,-1,0,0,0,0,0,1
174,3,-1,0,0,0,0,0,1
254,3,-1,0,0,0,0,0,1
294,3,-1,0,0,0,0,0,1
93,3,-1,0,0,0,0,0,1
1015,3,-1,0,0,0,0,0,1
221,3,-1,0,0,0,0,0,1
43,3,-1,0,0,0,0,0,1
1894,3,-1,0,0,0,0,0,1
470,3,-1,0,0,0,0,0,1
130,3,-1,0,0,0,0,0,1
314,3,-1,0,0,0,0,0,1
572,3,-1,0,0,0,0,0,1
292,3,-1,0,0,0,0,0,1
1540,3,-1,0,0,0,0,0,1
1986,3,-1,0,0,0,0,0,1
465,3,-1,0,0,0,0,0,1
564,3,-1,0,0,0,0,0,1
470,3,-1,0,0,0,0,0,1
173,3,-1,0,0,0,0,0,1
222,3,-1,0,0,0,0,0,1
1092,3,-1,0,0,0,0,0,1
91,3,-1,0,0,0,0,0,1
1916,3,-1,0,0,0,0,0,1
1118,3,-1,0,0,0,0,0,1
1118,3,-1,0,0,0,0,0,1
1526,3,-1,0,0,0,0,0,1
2145,3,-1,0,0,0,0,0,1
1252,3,-1,0,0,0,0,0,1
1185,3,-1,0,0,0,0,0,1
1006,3,-1,0,0,0,0,0,1
1125,3,-1,0,0,0,0,0,1
1122,3,-1,0,0,0,0,0,1
91,3,-1,0,0,0,0,0,1
1118,3,-1,0,0,0,0,0,1
1094,3,-1,0,0,0,0,0,1
1161,3,-1,0,0,0,0,0,1
2165,3,-1,0,0,0,0,0,1
1160,3,-1,0,0,0,0,0,1
1693,3,-1,0,0,0,0,0,1
2105,3,-1,0,0,0,0,0,1
472,3,-1,0,0,0,0,0,1
493,3,-1,0,0,0,0,0,1
83,3,-1,0,0,0,0,0,1
410,3,-1,0,0,0,0,0,1
130,3,-1,0,0,0,0,0,1
488,3,-1,0,0,0,0,0,1
80,3,-1,0,0,0,0,0,1
643,3,-1,0,0,0,0,0,1
1128,3,-1,0,0,0,0,0,1
56,3,-1,0,0,0,0,0,1
1122,3,-1,0,0,0,0,0,1
1263,3,-1,0,0,0,0,0,1
500,3,-1,0,0,0,0,0,1
1015,3,-1,0,0,0,0,0,1
572,3,-1,0,0,0,0,0,1
110,3,-1,0,0,0,0,0,1
2257,3,-1,0,0,0,0,0,1
2258,3,-1,0,0,0,0,0,1
182,3,-1,0,0,0,0,0,1
954,3,-1,0,0,0,0,0,1
219,3,-1,0,0,0,0,0,1
488,3,-1,0,0,0,0,0,1
40,3,-1,0,0,0,0,0,1
1126,3,-1,0,0,0,0,0,1
185,3,-1,0,0,0,0,0,1
488,3,-1,0,0,0,0,0,1
841,3,-1,0,0,0,0,0,1
130,3,-1,0,0,0,0,0,1
1006,3,-1,0,0,0,0,0,1
1944,3,-1,0,0,0,0,0,1
1116,3,-1,0,0,0,0,0,1
1634,3,-1,0,0,0,0,0,1
1120,3,-1,0,0,0,0,0,1
1518,3,-1,0,0,0,0,0,1
1121,3,-1,0,0,0,0,0,1
89,3,-1,0,0,0,0,0,1
493,3,-1,0,0,0,0,0,1
840,3,-1,0,0,0,0,0,1
1126,3,-1,0,0,0,0,0,1
2166,3,-1,0,0,0,0,0,1
418,3,-1,0,0,0,0,0,1
14,3,-1,0,0,0,0,0,1
1987,3,-1,0,0,0,0,0,1
1231,3,-1,0,0,0,0,0,1
642,3,-1,0,0,0,0,0,1
1710,3,-1,0,0,0,0,0,1
1158,3,-1,0,0,0,0,0,1
1395,3,-1,0,0,0,0,0,1
1916,3,-1,0,0,0,0,0,1
1091,3,-1,0,0,0,0,0,1
168,3,-1,0,0,0,0,0,1
129,3,-1,0,0,0,0,0,1
104,3,-1,0,0,0,0,0,1
2235,3,-1,0,0,0,0,0,1
953,3,-1,0,0,0,0,0,1
646,3,-1,0,0,0,0,0,1
2260,3,-1,0,0,0,0,0,1
74,3,-1,0,0,0,0,0,1
1797,3,-1,0,0,0,0,0,1
362,3,-1,0,0,0,0,0,1
87,3,-1,0,0,0,0,0,1
842,3,-1,0,0,0,0,0,1
363,3,-1,0,0,0,0,0,1
255,3,-1,0,0,0,0,0,1
1711,3,-1,0,0,0,0,0,1
1800,3,-1,0,0,0,0,0,1
135,3,-1,0,0,0,0,0,1
493,3,-1,0,0,0,0,0,1
1024,3,-1,0,0,0,0,0,1
320,3,-1,0,0,0,0,0,1
644,3,-1,0,0,0,0,0,1
1788,3,-1,0,0,0,0,0,1
495,3,-1,0,0,0,0,0,1
473,3,-1,0,0,0,0,0,1
574,3,-1,0,0,0,0,0,1
956,3,-1,0,0,0,0,0,1
7,3,-1,0,0,0,0,0,1
1129,3,-1,0,0,0,0,0,1
1543,3,-1,0,0,0,0,0,1
2226,3,-1,0,0,0,0,0,1
1090,3,-1,0,0,0,0,0,1
159,3,-1,0,0,0,0,0,1
305,3,-1,0,0,0,0,0,1
568,3,-1,0,0,0,0,0,1
1129,3,-1,0,0,0,0,0,1
273,3,-1,0,0,0,0,0,1
494,3,-1,0,0,0,0,0,1
268,3,-1,0,0,0,0,0,1
321,3,-1,0,0,0,0,0,1
980,3,-1,0,0,0,0,0,1
2237,3,-1,0,0,0,0,0,1
269,3,-1,0,0,0,0,0,1
1946,3,-1,0,0,0,0,0,1
1130,3,-1,0,0,0,0,0,1
1124,3,-1,0,0,0,0,0,1
481,3,-1,0,0,0,0,0,1
981,3,-1,0,0,0,0,0,1
281,3,-1,0,0,0,0,0,1
137,3,-1,0,0,0,0,0,1
452,3,-1,0,0,0,0,0,1
1128,3,-1,0,0,0,0,0,1
871,3,-1,0,0,0,0,0,1
1192,3,-1,0,0,0,0,0,1
2035,3,-1,0,0,0,0,0,1
1162,3,-1,0,0,0,0,0,1
172,3,-1,0,0,0,0,0,1
1119,3,-1,0,0,0,0,0,1
211,3,-1,0,0,0,0,0,1
1117,3,-1,0,0,0,0,0,1
1642,3,-1,0,0,0,0,0,1
1128,3,-1,0,0,0,0,0,1
872,3,-1,0,0,0,0,0,1
181,3,-1,0,0,0,0,0,1
2236,3,-1,0,0,0,0,0,1
355,3,-1,0,0,0,0,0,1
183,3,-1,0,0,0,0,0,1
1142,3,-1,0,0,0,0,0,1
575,3,-1,0,0,0,0,0,1
1334,3,-1,0,0,0,0,0,1
498,3,-1,0,0,0,0,0,1
686,3,-1,0,0,0,0,0,1
239,3,-1,0,0,0,0,0,1
239,3,-1,0,0,0,0,0,1
239,3,-1,0,0,0,0,0,1
225,3,-1,0,0,0,0,0,1
230,3,-1,0,0,0,0,0,1
230,3,-1,0,0,0,0,0,1
230,3,-1,0,0,0,0,0,1
225,3,-1,0,0,0,0,0,1
2166,3,-1,0,0,0,0,0,1
1207,3,-1,0,0,0,0,0,1
1207,3,-1,0,0,0,0,0,1
2166,3,-1,0,0,0,0,0,1
1207,3,-1,0,0,0,0,0,1
229,3,-1,0,0,0,0,0,1
1107,3,-1,0,0,0,0,0,1
720,3,-1,0,0,0,0,0,1
1107,3,-1,0,0,0,0,0,1
429,3,-1,0,0,0,0,0,1
720,3,-1,0,0,0,0,0,1
1839,3,-1,0,0,0,0,0,1
720,3,-1,0,0,0,0,0,1
1107,3,-1,0,0,0,0,0,1
1352,3,-1,0,0,0,0,0,1
429,3,-1,0,0,0,0,0,1
1978,3,-1,0,0,0,0,0,1
1921,3,-1,0,0,0,0,0,1
1751,3,-1,0,0,0,0,0,1
1736,3,-1,0,0,0,0,0,1
510,3,-1,0,0,0,0,0,1
510,3,-1,0,0,0,0,0,1
488,3,-1,0,0,0,0,0,1
510,3,-1,0,0,0,0,0,1
510,3,-1,0,0,0,0,0,1
510,3,-1,0,0,0,0,0,1
510,3,-1,0,0,0,0,0,1
487,3,-1,0,0,0,0,0,1
1133,3,-1,0,0,0,0,0,1
527,3,-1,0,0,0,0,0,1
698,3,-1,0,0,0,0,0,1
1245,3,-1,0,0,0,0,0,1
1243,3,-1,0,0,0,0,0,1
1245,3,-1,0,0,0,0,0,1
460,3,-1,0,0,0,0,0,1
460,3,-1,0,0,0,0,0,1
461,3,-1,0,0,0,0,0,1
461,3,-1,0,0,0,0,0,1
1977,3,-1,0,0,0,0,0,1
1243,3,-1,0,0,0,0,0,1
501,3,-1,0,0,0,0,0,1
724,3,-1,0,0,0,0,0,1
427,3,-1,0,0,0,0,0,1
427,3,-1,0,0,0,0,0,1
427,3,-1,0,0,0,0,0,1
426,3,-1,0,0,0,0,0,1
2015,3,-1,0,0,0,0,0,1
437,3,-1,0,0,0,0,0,1
437,3,-1,0,0,0,0,0,1
437,3,-1,0,0,0,0,0,1
437,3,-1,0,0,0,0,0,1
437,3,-1,0,0,0,0,0,1
437,3,-1,0,0,0,0,0,1
436,3,-1,0,0,0,0,0,1
587,3,-1,0,0,0,0,0,1
916,3,-1,0,0,0,0,0,1
681,3,-1,0,0,0,0,0,1
9,3,-1,0,0,0,0,0,1
65,3,-1,0,0,0,0,0,1
488,3,-1,0,0,0,0,0,1
488,3,-1,0,0,0,0,0,1
196,3,-1,0,0,0,0,0,1
763,3,-1,0,0,0,0,0,1
167,3,-1,0,0,0,0,0,1
1279,3,-1,0,0,0,0,0,1
2079,3,-1,0,0,0,0,0,1
661,3,-1,0,0,0,0,0,1
679,3,-1,0,0,0,0,0,1
1899,3,-1,0,0,0,0,0,1
39,3,-1,0,0,0,0,0,1
782,3,-1,0,0,0,0,0,1
1686,3,-1,0,0,0,0,0,1
2077,3,-1,0,0,0,0,0,1
988,3,-1,0,0,0,0,0,1
678,3,-1,0,0,0,0,0,1
488,3,-1,0,0,0,0,0,1
417,3,-1,0,0,0,0,0,1
594,3,-1,0,0,0,0,0,1
909,3,-1,0,0,0,0,0,1
679,3,-1,0,0,0,0,0,1
486,3,-1,0,0,0,0,0,1
518,3,-1,0,0,0,0,0,1
274,3,-1,0,0,0,0,0,1
1930,3,-1,0,0,0,0,0,1
2122,3,-1,0,0,0,0,0,1
2100,3,-1,0,0,0,0,0,1
2084,3,-1,0,0,0,0,0,1
1153,3,-1,0,0,0,0,0,1
485,3,-1,0,0,0,0,0,1
488,3,-1,0,0,0,0,0,1
682,3,-1,0,0,0,0,0,1
2081,3,-1,0,0,0,0,0,1
2147,3,-1,0,0,0,0,0,1
152,3,-1,0,0,0,0,0,1
118,3,-1,0,0,0,0,0,1
2083,3,-1,0,0,0,0,0,1
2082,3,-1,0,0,0,0,0,1
587,3,-1,0,0,0,0,0,1
2083,3,-1,0,0,0,0,0,1
918,3,-1,0,0,0,0,0,1
530,3,-1,0,0,0,0,0,1
2099,3,-1,0,0,0,0,0,1
107,3,-1,0,0,0,0,0,1
594,3,-1,0,0,0,0,0,1
1605,3,-1,0,0,0,0,0,1
594,3,-1,0,0,0,0,0,1
587,3,-1,0,0,0,0,0,1
1537,3,-1,0,0,0,0,0,1
488,3,-1,0,0,0,0,0,1
962,3,-1,0,0,0,0,0,1
1336,3,-1,0,0,0,0,0,1
918,3,-1,0,0,0,0,0,1
488,3,-1,0,0,0,0,0,1
346,3,-1,0,0,0,0,0,1
593,3,-1,0,0,0,0,0,1
2079,3,-1,0,0,0,0,0,1
2100,3,-1,0,0,0,0,0,1
913,3,-1,0,0,0,0,0,1
1904,3,-1,0,0,0,0,0,1
248,3,-1,0,0,0,0,0,1
697,3,-1,0,0,0,0,0,1
593,3,-1,0,0,0,0,0,1
918,3,-1,0,0,0,0,0,1
224,3,-1,0,0,0,0,0,1
416,3,-1,0,0,0,0,0,1
123,3,-1,0,0,0,0,0,1
99,3,-1,0,0,0,0,0,1
680,3,-1,0,0,0,0,0,1
850,3,-1,0,0,0,0,0,1
593,3,-1,0,0,0,0,0,1
61,3,-1,0,0,0,0,0,1
218,3,-1,0,0,0,0,0,1
1154,3,-1,0,0,0,0,0,1
1865,3,-1,0,0,0,0,0,1
425,3,-1,0,0,0,0,0,1
76,3,-1,0,0,0,0,0,1
1550,3,-1,0,0,0,0,0,1
2076,3,-1,0,0,0,0,0,1
1310,3,-1,0,0,0,0,0,1
1933,3,-1,0,0,0,0,0,1
226,3,-1,0,0,0,0,0,1
1497,3,-1,0,0,0,0,0,1
224,3,-1,0,0,0,0,0,1
2255,3,-1,0,0,0,0,0,1
916,3,-1,0,0,0,0,0,1
45,3,-1,0,0,0,0,0,1
147,3,-1,0,0,0,0,0,1
1691,3,-1,0,0,0,0,0,1
979,3,-1,0,0,0,0,0,1
617,3,-1,0,0,0,0,0,1
617,3,-1,0,0,0,0,0,1
617,3,-1,0,0,0,0,0,1
2135,3,-1,0,0,0,0,0,1
712,3,-1,0,0,0,0,0,1
711,3,-1,0,0,0,0,0,1
709,3,-1,0,0,0,0,0,1
2166,3,-1,0,0,0,0,0,1
2136,3,-1,0,0,0,0,0,1
617,3,-1,0,0,0,0,0,1
581,3,-1,0,0,0,0,0,1
577,3,-1,0,0,0,0,0,1
2166,3,-1,0,0,0,0,0,1
2166,3,-1,0,0,0,0,0,1
2166,3,-1,0,0,0,0,0,1
532,3,-1,0,0,0,0,0,1
838,3,-1,0,0,0,0,0,1
671,3,-1,0,0,0,0,0,1
545,3,-1,0,0,0,0,0,1
1425,3,-1,0,0,0,0,0,1
549,3,-1,0,0,0,0,0,1
1425,3,-1,0,0,0,0,0,1
1113,3,-1,0,0,0,0,0,1
837,3,-1,0,0,0,0,0,1
547,3,-1,0,0,0,0,0,1
237,3,-1,0,0,0,0,0,1
237,3,-1,0,0,0,0,0,1
237,3,-1,0,0,0,0,0,1
237,3,-1,0,0,0,0,0,1
1207,3,-1,0,0,0,0,0,1
1207,3,-1,0,0,0,0,0,1
1207,3,-1,0,0,0,0,0,1
1207,3,-1,0,0,0,0,0,1
227,3,-1,0,0,0,0,0,1
291,3,-1,0,0,0,0,0,1
1089,3,-1,0,0,0,0,0,1
677,3,-1,0,0,0,0,0,1
251,3,-1,0,0,0,0,0,1
1951,3,-1,0,0,0,0,0,1
594,3,-1,0,0,0,0,0,1
230,3,-1,0,0,0,0,0,1
488,3,-1,0,0,0,0,0,1
488,3,-1,0,0,0,0,0,1
230,3,-1,0,0,0,0,0,1
324,3,-1,0,0,0,0,0,1
675,3,-1,0,0,0,0,0,1
1426,3,-1,0,0,0,0,0,1
256,3,-1,0,0,0,0,0,1
488,3,-1,0,0,0,0,0,1
2132,3,-1,0,0,0,0,0,1
587,3,-1,0,0,0,0,0,1
163,3,-1,0,0,0,0,0,1
488,3,-1,0,0,0,0,0,1
488,3,-1,0,0,0,0,0,1
587,3,-1,0,0,0,0,0,1
594,3,-1,0,0,0,0,0,1
415,3,-1,0,0,0,0,0,1
1862,3,-1,0,0,0,0,0,1
679,3,-1,0,0,0,0,0,1
278,3,-1,0,0,0,0,0,1
594,3,-1,0,0,0,0,0,1
1607,3,-1,0,0,0,0,0,1
2079,3,-1,0,0,0,0,0,1
2079,3,-1,0,0,0,0,0,1
916,3,-1,0,0,0,0,0,1
1604,3,-1,0,0,0,0,0,1
1155,3,-1,0,0,0,0,0,1
108,3,-1,0,0,0,0,0,1
2078,3,-1,0,0,0,0,0,1
914,3,-1,0,0,0,0,0,1
660,3,-1,0,0,0,0,0,1
488,3,-1,0,0,0,0,0,1
617,3,-1,0,0,0,0,0,1
617,3,-1,0,0,0,0,0,1
617,3,-1,0,0,0,0,0,1
617,3,-1,0,0,0,0,0,1
2136,3,-1,0,0,0,0,0,1
569,3,-1,0,0,0,0,0,1
607,3,-1,0,0,0,0,0,1
617,3,-1,0,0,0,0,0,1
607,3,-1,0,0,0,0,0,1
613,3,-1,0,0,0,0,0,1
2166,3,-1,0,0,0,0,0,1
617,3,-1,0,0,0,0,0,1
617,3,-1,0,0,0,0,0,1
607,3,-1,0,0,0,0,0,1
607,3,-1,0,0,0,0,0,1
2229,3,-1,0,0,0,0,0,1
616,3,-1,0,0,0,0,0,1
2166,3,-1,0,0,0,0,0,1
2166,3,-1,0,0,0,0,0,1
689,3,-1,0,0,0,0,0,1
522,3,-1,0,0,0,0,0,1
275,3,-1,0,0,0,0,0,1
41,3,-1,0,0,0,0,0,1
522,3,-1,0,0,0,0,0,1
691,3,-1,0,0,0,0,0,1
691,3,-1,0,0,0,0,0,1
522,3,-1,0,0,0,0,0,1
187,3,-1,0,0,0,0,0,1
1053,3,-1,0,0,0,0,0,1
1071,3,-1,0,0,0,0,0,1
1064,3,-1,0,0,0,0,0,1
214,3,-1,0,0,0,0,0,1
1075,3,-1,0,0,0,0,0,1
510,3,-1,0,0,0,0,0,1
1075,3,-1,0,0,0,0,0,1
1080,3,-1,0,0,0,0,0,1
1067,3,-1,0,0,0,0,0,1
213,3,-1,0,0,0,0,0,1
1062,3,-1,0,0,0,0,0,1
1060,3,-1,0,0,0,0,0,1
298,3,-1,0,0,0,0,0,1
587,3,-1,0,0,0,0,0,1
532,3,-1,0,0,0,0,0,1
223,3,-1,0,0,0,0,0,1
237,3,-1,0,0,0,0,0,1
237,3,-1,0,0,0,0,0,1
236,3,-1,0,0,0,0,0,1
237,3,-1,0,0,0,0,0,1
237,3,-1,0,0,0,0,0,1
233,3,-1,0,0,0,0,0,1
1748,3,-1,0,0,0,0,0,1
1332,3,-1,0,0,0,0,0,1
1650,3,-1,0,0,0,0,0,1
1638,3,-1,0,0,0,0,0,1
1363,3,-1,0,0,0,0,0,1
1055,3,-1,0,0,0,0,0,1
1494,3,-1,0,0,0,0,0,1
1054,3,-1,0,0,0,0,0,1
1404,3,-1,0,0,0,0,0,1
15,3,-1,0,0,0,0,0,1
632,3,-1,0,0,0,0,0,1
636,3,-1,0,0,0,0,0,1
1673,3,-1,0,0,0,0,0,1
559,3,-1,0,0,0,0,0,1
1274,3,-1,0,0,0,0,0,1
2042,3,-1,0,0,0,0,0,1
1386,3,-1,0,0,0,0,0,1
386,3,-1,0,0,0,0,0,1
1993,3,-1,0,0,0,0,0,1
2090,3,-1,0,0,0,0,0,1
2194,3,-1,0,0,0,0,0,1
2033,3,-1,0,0,0,0,0,1
1876,3,-1,0,0,0,0,0,1
376,3,-1,0,0,0,0,0,1
2186,3,-1,0,0,0,0,0,1
1975,3,-1,0,0,0,0,0,1
2093,3,-1,0,0,0,0,0,1
556,3,-1,0,0,0,0,0,1
1883,3,-1,0,0,0,0,0,1
1962,3,-1,0,0,0,0,0,1
1883,3,-1,0,0,0,0,0,1
329,3,-1,0,0,0,0,0,1
85,3,-1,0,0,0,0,0,1
1438,3,-1,0,0,0,0,0,1
2166,3,-1,0,0,0,0,0,1
594,3,-1,0,0,0,0,0,1
231,3,-1,0,0,0,0,0,1
510,3,-1,0,0,0,0,0,1
608,3,-1,0,0,0,0,0,1
582,3,-1,0,0,0,0,0,1
510,3,-1,0,0,0,0,0,1
510,3,-1,0,0,0,0,0,1
860,3,-1,0,0,0,0,0,1
890,3,-1,0,0,0,0,0,1
868,3,-1,0,0,0,0,0,1
510,3,-1,0,0,0,0,0,1
860,3,-1,0,0,0,0,0,1
1286,3,-1,0,0,0,0,0,1
1046,3,-1,0,0,0,0,0,1
928,3,-1,0,0,0,0,0,1
557,3,-1,0,0,0,0,0,1
925,3,-1,0,0,0,0,0,1
588,3,-1,0,0,0,0,0,1
1867,3,-1,0,0,0,0,0,1
1127,3,-1,0,0,0,0,0,1
488,3,-1,0,0,0,0,0,1
954,3,-1,0,0,0,0,0,1
1006,3,-1,0,0,0,0,0,1
1989,3,-1,0,0,0,0,0,1
648,3,-1,0,0,0,0,0,1
1092,3,-1,0,0,0,0,0,1
2257,3,-1,0,0,0,0,0,1
488,3,-1,0,0,0,0,0,1
1538,3,-1,0,0,0,0,0,1
1187,3,-1,0,0,0,0,0,1
1126,3,-1,0,0,0,0,0,1
239,3,-1,0,0,0,0,0,1
239,3,-1,0,0,0,0,0,1
230,3,-1,0,0,0,0,0,1
239,3,-1,0,0,0,0,0,1
446,3,-1,0,0,0,0,0,1
446,3,-1,0,0,0,0,0,1
446,3,-1,0,0,0,0,0,1
721,3,-1,0,0,0,0,0,1
2017,3,-1,0,0,0,0,0,1
447,3,-1,0,0,0,0,0,1
447,3,-1,0,0,0,0,0,1
447,3,-1,0,0,0,0,0,1
619,3,-1,0,0,0,0,0,1
619,3,-1,0,0,0,0,0,1
619,3,-1,0,0,0,0,0,1
619,3,-1,0,0,0,0,0,1
186,3,-1,0,0,0,0,0,1
1071,3,-1,0,0,0,0,0,1
532,3,-1,0,0,0,0,0,1
1184,3,-1,0,0,0,0,0,1
1053,3,-1,0,0,0,0,0,1
474,3,-1,0,0,0,0,0,1
1073,3,-1,0,0,0,0,0,1
1180,3,-1,0,0,0,0,0,1
1076,3,-1,0,0,0,0,0,1
467,3,-1,0,0,0,0,0,1
186,3,-1,0,0,0,0,0,1
1180,3,-1,0,0,0,0,0,1
187,3,-1,0,0,0,0,0,1
300,3,-1,0,0,0,0,0,1
1053,3,-1,0,0,0,0,0,1
1071,3,-1,0,0,0,0,0,1
276,3,-1,0,0,0,0,0,1
187,3,-1,0,0,0,0,0,1
1071,3,-1,0,0,0,0,0,1
128,3,-1,0,0,0,0,0,1
336,3,-1,0,0,0,0,0,1
187,3,-1,0,0,0,0,0,1
332,3,-1,0,0,0,0,0,1
186,3,-1,0,0,0,0,0,1
1053,3,-1,0,0,0,0,0,1
143,3,-1,0,0,0,0,0,1
145,3,-1,0,0,0,0,0,1
145,3,-1,0,0,0,0,0,1
246,3,-1,0,0,0,0,0,1
277,3,-1,0,0,0,0,0,1
1067,3,-1,0,0,0,0,0,1
1084,3,-1,0,0,0,0,0,1
1207,3,-1,0,0,0,0,0,1
1207,3,-1,0,0,0,0,0,1
762,3,-1,0,0,0,0,0,1
1072,3,-1,0,0,0,0,0,1
265,3,-1,0,0,0,0,0,1
655,3,-1,0,0,0,0,0,1
2030,3,-1,0,0,0,0,0,1
1067,3,-1,0,0,0,0,0,1
1073,3,-1,0,0,0,0,0,1
140,3,-1,0,0,0,0,0,1
1071,3,-1,0,0,0,0,0,1
1027,3,-1,0,0,0,0,0,1
1073,3,-1,0,0,0,0,0,1
1076,3,-1,0,0,0,0,0,1
1058,3,-1,0,0,0,0,0,1
1053,3,-1,0,0,0,0,0,1
300,3,-1,0,0,0,0,0,1
1376,3,-1,0,0,0,0,0,1
1073,3,-1,0,0,0,0,0,1
1072,3,-1,0,0,0,0,0,1
1073,3,-1,0,0,0,0,0,1
1060,3,-1,0,0,0,0,0,1
1058,3,-1,0,0,0,0,0,1
1065,3,-1,0,0,0,0,0,1
243,3,-1,0,0,0,0,0,1
332,3,-1,0,0,0,0,0,1
587,3,-1,0,0,0,0,0,1
1071,3,-1,0,0,0,0,0,1
298,3,-1,0,0,0,0,0,1
1064,3,-1,0,0,0,0,0,1
1065,3,-1,0,0,0,0,0,1
1053,3,-1,0,0,0,0,0,1
298,3,-1,0,0,0,0,0,1
1053,3,-1,0,0,0,0,0,1
1056,3,-1,0,0,0,0,0,1
1062,3,-1,0,0,0,0,0,1
1075,3,-1,0,0,0,0,0,1
213,3,-1,0,0,0,0,0,1
145,3,-1,0,0,0,0,0,1
1076,3,-1,0,0,0,0,0,1
1058,3,-1,0,0,0,0,0,1
1073,3,-1,0,0,0,0,0,1
190,3,-1,0,0,0,0,0,1
186,3,-1,0,0,0,0,0,1
1062,3,-1,0,0,0,0,0,1
143,3,-1,0,0,0,0,0,1
1084,3,-1,0,0,0,0,0,1
186,3,-1,0,0,0,0,0,1
143,3,-1,0,0,0,0,0,1
1058,3,-1,0,0,0,0,0,1
332,3,-1,0,0,0,0,0,1
467,3,-1,0,0,0,0,0,1
143,3,-1,0,0,0,0,0,1
243,3,-1,0,0,0,0,0,1
179,3,-1,0,0,0,0,0,1
332,3,-1,0,0,0,0,0,1
272,3,-1,0,0,0,0,0,1
243,3,-1,0,0,0,0,0,1
276,3,-1,0,0,0,0,0,1
588,3,-1,0,0,0,0,0,1
587,3,-1,0,0,0,0,0,1
587,3,-1,0,0,0,0,0,1
576,3,-1,0,0,0,0,0,1
1343,3,-1,0,0,0,0,0,1
1169,3,-1,0,0,0,0,0,1
549,3,-1,0,0,0,0,0,1
547,3,-1,0,0,0,0,0,1
532,3,-1,0,0,0,0,0,1
1842,3,-1,0,0,0,0,0,1
1392,3,-1,0,0,0,0,0,1
1425,3,-1,0,0,0,0,0,1
239,3,-1,0,0,0,0,0,1
435,3,-1,0,0,0,0,0,1
435,3,-1,0,0,0,0,0,1
1207,3,-1,0,0,0,0,0,1
1107,3,-1,0,0,0,0,0,1
630,3,-1,0,0,0,0,0,1
801,3,-1,0,0,0,0,0,1
998,3,-1,0,0,0,0,0,1
1107,3,-1,0,0,0,0,0,1
430,3,-1,0,0,0,0,0,1
1133,3,-1,0,0,0,0,0,1
1134,3,-1,0,0,0,0,0,1
510,3,-1,0,0,0,0,0,1
488,3,-1,0,0,0,0,0,1
578,3,-1,0,0,0,0,0,1
1131,3,-1,0,0,0,0,0,1
1246,3,-1,0,0,0,0,0,1
510,3,-1,0,0,0,0,0,1
510,3,-1,0,0,0,0,0,1
723,3,-1,0,0,0,0,0,1
487,3,-1,0,0,0,0,0,1
487,3,-1,0,0,0,0,0,1
237,3,-1,0,0,0,0,0,1
237,3,-1,0,0,0,0,0,1
237,3,-1,0,0,0,0,0,1
2166,3,-1,0,0,0,0,0,1
1207,3,-1,0,0,0,0,0,1
237,3,-1,0,0,0,0,0,1
2166,3,-1,0,0,0,0,0,1
233,3,-1,0,0,0,0,0,1
227,3,-1,0,0,0,0,0,1
594,3,-1,0,0,0,0,0,1
2166,3,-1,0,0,0,0,0,1
435,3,-1,0,0,0,0,0,1
2166,3,-1,0,0,0,0,0,1
1222,3,-1,0,0,0,0,0,1
1214,3,-1,0,0,0,0,0,1
1615,3,-1,0,0,0,0,0,1
1609,3,-1,0,0,0,0,0,1
1545,3,-1,0,0,0,0,0,1
1345,3,-1,0,0,0,0,0,1
1617,3,-1,0,0,0,0,0,1
1477,3,-1,0,0,0,0,0,1
1679,3,-1,0,0,0,0,0,1
1583,3,-1,0,0,0,0,0,1
1477,3,-1,0,0,0,0,0,1
8,3,-1,0,0,0,0,0,1
1636,3,-1,0,0,0,0,0,1
1345,3,-1,0,0,0,0,0,1
1687,3,-1,0,0,0,0,0,1
1345,3,-1,0,0,0,0,0,1
20,3,-1,0,0,0,0,0,1
945,3,-1,0,0,0,0,0,1
1695,3,-1,0,0,0,0,0,1
1578,3,-1,0,0,0,0,0,1
1562,3,-1,0,0,0,0,0,1
943,3,-1,0,0,0,0,0,1
1687,3,-1,0,0,0,0,0,1
1646,3,-1,0,0,0,0,0,1
1669,3,-1,0,0,0,0,0,1
1689,3,-1,0,0,0,0,0,1
941,3,-1,0,0,0,0,0,1
1664,3,-1,0,0,0,0,0,1
1562,3,-1,0,0,0,0,0,1
1587,3,-1,0,0,0,0,0,1
1612,3,-1,0,0,0,0,0,1
1573,3,-1,0,0,0,0,0,1
1622,3,-1,0,0,0,0,0,1
1615,3,-1,0,0,0,0,0,1
1533,3,-1,0,0,0,0,0,1
23,3,-1,0,0,0,0,0,1
1519,3,-1,0,0,0,0,0,1
1670,3,-1,0,0,0,0,0,1
1507,3,-1,0,0,0,0,0,1
1519,3,-1,0,0,0,0,0,1
1054,3,-1,0,0,0,0,0,1
1490,3,-1,0,0,0,0,0,1
1611,3,-1,0,0,0,0,0,1
707,3,-1,0,0,0,0,0,1
1546,3,-1,0,0,0,0,0,1
1534,3,-1,0,0,0,0,0,1
1577,3,-1,0,0,0,0,0,1
1505,3,-1,0,0,0,0,0,1
407,3,-1,0,0,0,0,0,1
1165,3,-1,0,0,0,0,0,1
1591,3,-1,0,0,0,0,0,1
1249,3,-1,0,0,0,0,0,1
1346,3,-1,0,0,0,0,0,1
1716,3,-1,0,0,0,0,0,1
1444,3,-1,0,0,0,0,0,1
1237,3,-1,0,0,0,0,0,1
797,3,-1,0,0,0,0,0,1
2171,3,-1,0,0,0,0,0,1
1912,3,-1,0,0,0,0,0,1
1011,3,-1,0,0,0,0,0,1
2231,3,-1,0,0,0,0,0,1
658,3,-1,0,0,0,0,0,1
797,3,-1,0,0,0,0,0,1
2182,3,-1,0,0,0,0,0,1
1239,3,-1,0,0,0,0,0,1
733,3,-1,0,0,0,0,0,1
1174,3,-1,0,0,0,0,0,1
635,3,-1,0,0,0,0,0,1
1676,3,-1,0,0,0,0,0,1
1010,3,-1,0,0,0,0,0,1
798,3,-1,0,0,0,0,0,1
635,3,-1,0,0,0,0,0,1
744,3,-1,0,0,0,0,0,1
1911,3,-1,0,0,0,0,0,1
1176,3,-1,0,0,0,0,0,1
733,3,-1,0,0,0,0,0,1
904,3,-1,0,0,0,0,0,1
1175,3,-1,0,0,0,0,0,1
731,3,-1,0,0,0,0,0,1
1872,3,-1,0,0,0,0,0,1
2177,3,-1,0,0,0,0,0,1
1708,3,-1,0,0,0,0,0,1
1905,3,-1,0,0,0,0,0,1
2185,3,-1,0,0,0,0,0,1
747,3,-1,0,0,0,0,0,1
2177,3,-1,0,0,0,0,0,1
377,3,-1,0,0,0,0,0,1
903,3,-1,0,0,0,0,0,1
716,3,-1,0,0,0,0,0,1
1238,3,-1,0,0,0,0,0,1
1918,3,-1,0,0,0,0,0,1
1241,3,-1,0,0,0,0,0,1
529,3,-1,0,0,0,0,0,1
1242,3,-1,0,0,0,0,0,1
1941,3,-1,0,0,0,0,0,1
1273,3,-1,0,0,0,0,0,1
2044,3,-1,0,0,0,0,0,1
715,3,-1,0,0,0,0,0,1
1371,3,-1,0,0,0,0,0,1
567,3,-1,0,0,0,0,0,1
588,3,-1,0,0,0,0,0,1
2214,3,-1,0,0,0,0,0,1
594,3,-1,0,0,0,0,0,1
510,3,-1,0,0,0,0,0,1
510,3,-1,0,0,0,0,0,1
510,3,-1,0,0,0,0,0,1
524,3,-1,0,0,0,0,0,1
2138,3,-1,0,0,0,0,0,1
517,3,-1,0,0,0,0,0,1
2138,3,-1,0,0,0,0,0,1
510,3,-1,0,0,0,0,0,1
1712,3,-1,0,0,0,0,0,1
2062,3,-1,0,0,0,0,0,1
608,3,-1,0,0,0,0,0,1
608,3,-1,0,0,0,0,0,1
608,3,-1,0,0,0,0,0,1
608,3,-1,0,0,0,0,0,1
859,3,-1,0,0,0,0,0,1
488,3,-1,0,0,0,0,0,1
1259,3,-1,0,0,0,0,0,1
488,3,-1,0,0,0,0,0,1
506,3,-1,0,0,0,0,0,1
488,3,-1,0,0,0,0,0,1
587,3,-1,0,0,0,0,0,1
594,3,-1,0,0,0,0,0,1
1662,3,-1,0,0,0,0,0,1
1268,3,-1,0,0,0,0,0,1
588,3,-1,0,0,0,0,0,1
1207,3,-1,0,0,0,0,0,1
488,3,-1,0,0,0,0,0,1
1185,3,-1,0,0,0,0,0,1
1989,3,-1,0,0,0,0,0,1
472,3,-1,0,0,0,0,0,1
1180,3,-1,0,0,0,0,0,1
488,3,-1,0,0,0,0,0,1
471,3,-1,0,0,0,0,0,1
2224,3,-1,0,0,0,0,0,1
686,3,-1,0,0,0,0,0,1
491,3,-1,0,0,0,0,0,1
1126,3,-1,0,0,0,0,0,1
470,3,-1,0,0,0,0,0,1
1178,3,-1,0,0,0,0,0,1
315,3,-1,0,0,0,0,0,1
470,3,-1,0,0,0,0,0,1
1118,3,-1,0,0,0,0,0,1
488,3,-1,0,0,0,0,0,1
136,3,-1,0,0,0,0,0,1
1126,3,-1,0,0,0,0,0,1
1144,3,-1,0,0,0,0,0,1
1826,3,-1,0,0,0,0,0,1
479,3,-1,0,0,0,0,0,1
1829,3,-1,0,0,0,0,0,1
1945,3,-1,0,0,0,0,0,1
1825,3,-1,0,0,0,0,0,1
1828,3,-1,0,0,0,0,0,1
480,3,-1,0,0,0,0,0,1
1586,3,-1,0,0,0,0,0,1
2223,3,-1,0,0,0,0,0,1
88,3,-1,0,0,0,0,0,1
52,3,-1,0,0,0,0,0,1
1115,3,-1,0,0,0,0,0,1
1514,3,-1,0,0,0,0,0,1
477,3,-1,0,0,0,0,0,1
1903,3,-1,0,0,0,0,0,1
1585,3,-1,0,0,0,0,0,1
817,3,-1,0,0,0,0,0,1
2049,3,-1,0,0,0,0,0,1
1202,3,-1,0,0,0,0,0,1
10,3,-1,0,0,0,0,0,1
852,3,-1,0,0,0,0,0,1
970,3,-1,0,0,0,0,0,1
1199,3,-1,0,0,0,0,0,1
1203,3,-1,0,0,0,0,0,1
1183,3,-1,0,0,0,0,0,1
70,3,-1,0,0,0,0,0,1
11,3,-1,0,0,0,0,0,1
478,3,-1,0,0,0,0,0,1
491,3,-1,0,0,0,0,0,1
1006,3,-1,0,0,0,0,0,1
1652,3,-1,0,0,0,0,0,1
469,3,-1,0,0,0,0,0,1
1006,3,-1,0,0,0,0,0,1
492,3,-1,0,0,0,0,0,1
1251,3,-1,0,0,0,0,0,1
2258,3,-1,0,0,0,0,0,1
1328,3,-1,0,0,0,0,0,1
475,3,-1,0,0,0,0,0,1
2262,3,-1,0,0,0,0,0,1
493,3,-1,0,0,0,0,0,1
1186,3,-1,0,0,0,0,0,1
685,3,-1,0,0,0,0,0,1
467,3,-1,0,0,0,0,0,1
91,3,-1,0,0,0,0,0,1
1196,3,-1,0,0,0,0,0,1
493,3,-1,0,0,0,0,0,1
92,3,-1,0,0,0,0,0,1
1190,3,-1,0,0,0,0,0,1
476,3,-1,0,0,0,0,0,1
1185,3,-1,0,0,0,0,0,1
1181,3,-1,0,0,0,0,0,1
1311,3,-1,0,0,0,0,0,1
976,3,-1,0,0,0,0,0,1
12,3,-1,0,0,0,0,0,1
727,3,-1,0,0,0,0,0,1
1906,3,-1,0,0,0,0,0,1
1143,3,-1,0,0,0,0,0,1
1697,3,-1,0,0,0,0,0,1
496,3,-1,0,0,0,0,0,1
497,3,-1,0,0,0,0,0,1
482,3,-1,0,0,0,0,0,1
1182,3,-1,0,0,0,0,0,1
1008,3,-1,0,0,0,0,0,1
239,3,-1,0,0,0,0,0,1
239,3,-1,0,0,0,0,0,1
239,3,-1,0,0,0,0,0,1
230,3,-1,0,0,0,0,0,1
239,3,-1,0,0,0,0,0,1
510,3,-1,0,0,0,0,0,1
2016,3,-1,0,0,0,0,0,1
2016,3,-1,0,0,0,0,0,1
2016,3,-1,0,0,0,0,0,1
427,3,-1,0,0,0,0,0,1
427,3,-1,0,0,0,0,0,1
427,3,-1,0,0,0,0,0,1
437,3,-1,0,0,0,0,0,1
437,3,-1,0,0,0,0,0,1
437,3,-1,0,0,0,0,0,1
437,3,-1,0,0,0,0,0,1
437,3,-1,0,0,0,0,0,1
437,3,-1,0,0,0,0,0,1
437,3,-1,0,0,0,0,0,1
437,3,-1,0,0,0,0,0,1
438,3,-1,0,0,0,0,0,1
230,3,-1,0,0,0,0,0,1
224,3,-1,0,0,0,0,0,1
230,3,-1,0,0,0,0,0,1
224,3,-1,0,0,0,0,0,1
2166,3,-1,0,0,0,0,0,1
1207,3,-1,0,0,0,0,0,1
224,3,-1,0,0,0,0,0,1
594,3,-1,0,0,0,0,0,1
2166,3,-1,0,0,0,0,0,1
2166,3,-1,0,0,0,0,0,1
1207,3,-1,0,0,0,0,0,1
587,3,-1,0,0,0,0,0,1
2166,3,-1,0,0,0,0,0,1
594,3,-1,0,0,0,0,0,1
230,3,-1,0,0,0,0,0,1
1207,3,-1,0,0,0,0,0,1
230,3,-1,0,0,0,0,0,1
1207,3,-1,0,0,0,0,0,1
587,3,-1,0,0,0,0,0,1
917,3,-1,0,0,0,0,0,1
676,3,-1,0,0,0,0,0,1
911,3,-1,0,0,0,0,0,1
937,3,-1,0,0,0,0,0,1
587,3,-1,0,0,0,0,0,1
594,3,-1,0,0,0,0,0,1
594,3,-1,0,0,0,0,0,1
607,3,-1,0,0,0,0,0,1
607,3,-1,0,0,0,0,0,1
607,3,-1,0,0,0,0,0,1
607,3,-1,0,0,0,0,0,1
614,3,-1,0,0,0,0,0,1
614,3,-1,0,0,0,0,0,1
614,3,-1,0,0,0,0,0,1
522,3,-1,0,0,0,0,0,1
1356,3,-1,0,0,0,0,0,1
1406,3,-1,0,0,0,0,0,1
520,3,-1,0,0,0,0,0,1
657,3,-1,0,0,0,0,0,1
1157,3,-1,0,0,0,0,0,1
1472,3,-1,0,0,0,0,0,1
260,3,-1,0,0,0,0,0,1
1743,3,-1,0,0,0,0,0,1
1897,3,-1,0,0,0,0,0,1
13,3,-1,0,0,0,0,0,1
508,3,-1,0,0,0,0,0,1
508,3,-1,0,0,0,0,0,1
2159,3,-1,0,0,0,0,0,1
508,3,-1,0,0,0,0,0,1
508,3,-1,0,0,0,0,0,1
508,3,-1,0,0,0,0,0,1
505,3,-1,0,0,0,0,0,1
696,3,-1,0,0,0,0,0,1
483,3,-1,0,0,0,0,0,1
488,3,-1,0,0,0,0,0,1
518,3,-1,0,0,0,0,0,1
691,3,-1,0,0,0,0,0,1
690,3,-1,0,0,0,0,0,1
691,3,-1,0,0,0,0,0,1
690,3,-1,0,0,0,0,0,1
520,3,-1,0,0,0,0,0,1
1084,3,-1,0,0,0,0,0,1
1637,3,-1,0,0,0,0,0,1
143,3,-1,0,0,0,0,0,1
186,3,-1,0,0,0,0,0,1
143,3,-1,0,0,0,0,0,1
332,3,-1,0,0,0,0,0,1
332,3,-1,0,0,0,0,0,1
1058,3,-1,0,0,0,0,0,1
186,3,-1,0,0,0,0,0,1
143,3,-1,0,0,0,0,0,1
243,3,-1,0,0,0,0,0,1
1053,3,-1,0,0,0,0,0,1
510,3,-1,0,0,0,0,0,1
510,3,-1,0,0,0,0,0,1
1858,3,-1,0,0,0,0,0,1
1322,3,-1,0,0,0,0,0,1
510,3,-1,0,0,0,0,0,1
1425,3,-1,0,0,0,0,0,1
532,3,-1,0,0,0,0,0,1
2148,3,-1,0,0,0,0,0,1
510,3,-1,0,0,0,0,0,1
1221,3,-1,0,0,0,0,0,1
1221,3,-1,0,0,0,0,0,1
1221,3,-1,0,0,0,0,0,1
1212,3,-1,0,0,0,0,0,1
1216,3,-1,0,0,0,0,0,1
683,3,-1,0,0,0,0,0,1
1211,3,-1,0,0,0,0,0,1
1214,3,-1,0,0,0,0,0,1
1209,3,-1,0,0,0,0,0,1
587,3,-1,0,0,0,0,0,1
1209,3,-1,0,0,0,0,0,1
2166,3,-1,0,0,0,0,0,1
2166,3,-1,0,0,0,0,0,1
2166,3,-1,0,0,0,0,0,1
2166,3,-1,0,0,0,0,0,1
706,3,-1,0,0,0,0,0,1
250,3,-1,0,0,0,0,0,1
775,3,-1,0,0,0,0,0,1
897,3,-1,0,0,0,0,0,1
194,3,-1,0,0,0,0,0,1
345,3,-1,0,0,0,0,0,1
27,3,-1,0,0,0,0,0,1
307,3,-1,0,0,0,0,0,1
897,3,-1,0,0,0,0,0,1
297,3,-1,0,0,0,0,0,1
1333,3,-1,0,0,0,0,0,1
1615,3,-1,0,0,0,0,0,1
874,3,-1,0,0,0,0,0,1
769,3,-1,0,0,0,0,0,1
1488,3,-1,0,0,0,0,0,1
2059,3,-1,0,0,0,0,0,1
769,3,-1,0,0,0,0,0,1
707,3,-1,0,0,0,0,0,1
769,3,-1,0,0,0,0,0,1
1690,3,-1,0,0,0,0,0,1
800,3,-1,0,0,0,0,0,1
1758,3,-1,0,0,0,0,0,1
1166,3,-1,0,0,0,0,0,1
874,3,-1,0,0,0,0,0,1
1250,3,-1,0,0,0,0,0,1
164,3,-1,0,0,0,0,0,1
113,3,-1,0,0,0,0,0,1
771,3,-1,0,0,0,0,0,1
1952,3,-1,0,0,0,0,0,1
2220,3,-1,0,0,0,0,0,1
2200,3,-1,0,0,0,0,0,1
1325,3,-1,0,0,0,0,0,1
877,3,-1,0,0,0,0,0,1
1601,3,-1,0,0,0,0,0,1
1353,3,-1,0,0,0,0,0,1
434,3,-1,0,0,0,0,0,1
59,3,-1,0,0,0,0,0,1
1782,3,-1,0,0,0,0,0,1
1258,3,-1,0,0,0,0,0,1
857,3,-1,0,0,0,0,0,1
1412,3,-1,0,0,0,0,0,1
2024,3,-1,0,0,0,0,0,1
1379,3,-1,0,0,0,0,0,1
378,3,-1,0,0,0,0,0,1
310,3,-1,0,0,0,0,0,1
1953,3,-1,0,0,0,0,0,1
1771,3,-1,0,0,0,0,0,1
1597,3,-1,0,0,0,0,0,1
1780,3,-1,0,0,0,0,0,1
839,3,-1,0,0,0,0,0,1
2168,3,-1,0,0,0,0,0,1
2217,3,-1,0,0,0,0,0,1
2128,3,-1,0,0,0,0,0,1
60,3,-1,0,0,0,0,0,1
432,3,-1,0,0,0,0,0,1
397,3,-1,0,0,0,0,0,1
848,3,-1,0,0,0,0,0,1
1950,3,-1,0,0,0,0,0,1
455,3,-1,0,0,0,0,0,1
1657,3,-1,0,0,0,0,0,1
1139,3,-1,0,0,0,0,0,1
1781,3,-1,0,0,0,0,0,1
2215,3,-1,0,0,0,0,0,1
919,3,-1,0,0,0,0,0,1
2248,3,-1,0,0,0,0,0,1
1773,3,-1,0,0,0,0,0,1
1974,3,-1,0,0,0,0,0,1
2000,3,-1,0,0,0,0,0,1
1432,3,-1,0,0,0,0,0,1
2101,3,-1,0,0,0,0,0,1
784,3,-1,0,0,0,0,0,1
1535,3,-1,0,0,0,0,0,1
2162,3,-1,0,0,0,0,0,1
440,3,-1,0,0,0,0,0,1
582,3,-1,0,0,0,0,0,1
578,3,-1,0,0,0,0,0,1
1928,3,-1,0,0,0,0,0,1
582,3,-1,0,0,0,0,0,1
582,3,-1,0,0,0,0,0,1
582,3,-1,0,0,0,0,0,1
582,3,-1,0,0,0,0,0,1
2180,3,-1,0,0,0,0,0,1
739,3,-1,0,0,0,0,0,1
582,3,-1,0,0,0,0,0,1
1834,3,-1,0,0,0,0,0,1
1779,3,-1,0,0,0,0,0,1
1729,3,-1,0,0,0,0,0,1
1778,3,-1,0,0,0,0,0,1
451,3,-1,0,0,0,0,0,1
582,3,-1,0,0,0,0,0,1
583,3,-1,0,0,0,0,0,1
582,3,-1,0,0,0,0,0,1
582,3,-1,0,0,0,0,0,1
510,3,-1,0,0,0,0,0,1
510,3,-1,0,0,0,0,0,1
510,3,-1,0,0,0,0,0,1
510,3,-1,0,0,0,0,0,1
511,3,-1,0,0,0,0,0,1
608,3,-1,0,0,0,0,0,1
2138,3,-1,0,0,0,0,0,1
512,3,-1,0,0,0,0,0,1
391,3,-1,0,0,0,0,0,1
391,3,-1,0,0,0,0,0,1
608,3,-1,0,0,0,0,0,1
608,3,-1,0,0,0,0,0,1
608,3,-1,0,0,0,0,0,1
513,3,-1,0,0,0,0,0,1
585,3,-1,0,0,0,0,0,1
488,3,-1,0,0,0,0,0,1
488,3,-1,0,0,0,0,0,1
1267,3,-1,0,0,0,0,0,1
488,3,-1,0,0,0,0,0,1
507,3,-1,0,0,0,0,0,1
1442,3,-1,0,0,0,0,0,1
796,3,-1,0,0,0,0,0,1
488,3,-1,0,0,0,0,0,1
628,3,-1,0,0,0,0,0,1
867,3,-1,0,0,0,0,0,1
1103,3,-1,0,0,0,0,0,1
750,3,-1,0,0,0,0,0,1
1259,3,-1,0,0,0,0,0,1
2037,3,-1,0,0,0,0,0,1
594,3,-1,0,0,0,0,0,1
594,3,-1,0,0,0,0,0,1
2166,3,-1,0,0,0,0,0,1
594,3,-1,0,0,0,0,0,1
2166,3,-1,0,0,0,0,0,1
2166,3,-1,0,0,0,0,0,1
588,3,-1,0,0,0,0,0,1
2166,3,-1,0,0,0,0,0,1
1784,3,-1,0,0,0,0,0,1
1511,3,-1,0,0,0,0,0,1
1126,3,-1,0,0,0,0,0,1
1943,3,-1,0,0,0,0,0,1
1398,3,-1,0,0,0,0,0,1
220,3,-1,0,0,0,0,0,1
1365,3,-1,0,0,0,0,0,1
587,3,-1,0,0,0,0,0,1
467,3,-1,0,0,0,0,0,1
521,3,-1,0,0,0,0,0,1
518,3,-1,0,0,0,0,0,1
518,3,-1,0,0,0,0,0,1
518,3,-1,0,0,0,0,0,1
1316,3,-1,0,0,0,0,0,1
959,3,-1,0,0,0,0,0,1
1316,3,-1,0,0,0,0,0,1
2245,3,-1,0,0,0,0,0,1
2028,3,-1,0,0,0,0,0,1
1026,3,-1,0,0,0,0,0,1
554,3,-1,0,0,0,0,0,1
488,3,-1,0,0,0,0,0,1
311,3,-1,0,0,0,0,0,1
572,3,-1,0,0,0,0,0,1
160,3,-1,0,0,0,0,0,1
1685,3,-1,0,0,0,0,0,1
1936,3,-1,0,0,0,0,0,1
53,3,-1,0,0,0,0,0,1
1316,3,-1,0,0,0,0,0,1
818,3,-1,0,0,0,0,0,1
1316,3,-1,0,0,0,0,0,1
1317,3,-1,0,0,0,0,0,1
2164,3,-1,0,0,0,0,0,1
951,3,-1,0,0,0,0,0,1
518,3,-1,0,0,0,0,0,1
433,3,-1,0,0,0,0,0,1
453,3,-1,0,0,0,0,0,1
674,3,-1,0,0,0,0,0,1
1513,3,-1,0,0,0,0,0,1
1096,3,-1,0,0,0,0,0,1
1391,3,-1,0,0,0,0,0,1
1915,3,-1,0,0,0,0,0,1
1096,3,-1,0,0,0,0,0,1
239,3,-1,0,0,0,0,0,1
239,3,-1,0,0,0,0,0,1
239,3,-1,0,0,0,0,0,1
230,3,-1,0,0,0,0,0,1
239,3,-1,0,0,0,0,0,1
1207,3,-1,0,0,0,0,0,1
230,3,-1,0,0,0,0,0,1
460,3,-1,0,0,0,0,0,1
460,3,-1,0,0,0,0,0,1
510,3,-1,0,0,0,0,0,1
510,3,-1,0,0,0,0,0,1
461,3,-1,0,0,0,0,0,1
460,3,-1,0,0,0,0,0,1
1247,3,-1,0,0,0,0,0,1
1245,3,-1,0,0,0,0,0,1
510,3,-1,0,0,0,0,0,1
460,3,-1,0,0,0,0,0,1
502,3,-1,0,0,0,0,0,1
427,3,-1,0,0,0,0,0,1
427,3,-1,0,0,0,0,0,1
437,3,-1,0,0,0,0,0,1
437,3,-1,0,0,0,0,0,1
437,3,-1,0,0,0,0,0,1
437,3,-1,0,0,0,0,0,1
437,3,-1,0,0,0,0,0,1
605,3,-1,0,0,0,0,0,1
590,3,-1,0,0,0,0,0,1
603,3,-1,0,0,0,0,0,1
605,3,-1,0,0,0,0,0,1
605,3,-1,0,0,0,0,0,1
605,3,-1,0,0,0,0,0,1
603,3,-1,0,0,0,0,0,1
603,3,-1,0,0,0,0,0,1
604,3,-1,0,0,0,0,0,1
601,3,-1,0,0,0,0,0,1
601,3,-1,0,0,0,0,0,1
603,3,-1,0,0,0,0,0,1
606,3,-1,0,0,0,0,0,1
509,3,-1,0,0,0,0,0,1
509,3,-1,0,0,0,0,0,1
488,3,-1,0,0,0,0,0,1
488,3,-1,0,0,0,0,0,1
509,3,-1,0,0,0,0,0,1
508,3,-1,0,0,0,0,0,1
663,3,-1,0,0,0,0,0,1
663,3,-1,0,0,0,0,0,1
522,3,-1,0,0,0,0,0,1
508,3,-1,0,0,0,0,0,1
508,3,-1,0,0,0,0,0,1
1053,3,-1,0,0,0,0,0,1
146,3,-1,0,0,0,0,0,1
1180,3,-1,0,0,0,0,0,1
1221,3,-1,0,0,0,0,0,1
587,3,-1,0,0,0,0,0,1
1207,3,-1,0,0,0,0,0,1
82,3,-1,0,0,0,0,0,1
28,3,-1,0,0,0,0,0,1
1932,3,-1,0,0,0,0,0,1
1754,3,-1,0,0,0,0,0,1
1732,3,-1,0,0,0,0,0,1
1765,3,-1,0,0,0,0,0,1
1728,3,-1,0,0,0,0,0,1
1752,3,-1,0,0,0,0,0,1
1517,3,-1,0,0,0,0,0,1
649,3,-1,0,0,0,0,0,1
2250,3,-1,0,0,0,0,0,1
816,3,-1,0,0,0,0,0,1
1948,3,-1,0,0,0,0,0,1
582,3,-1,0,0,0,0,0,1
555,3,-1,0,0,0,0,0,1
354,3,-1,0,0,0,0,0,1
666,3,-1,0,0,0,0,0,1
1185,3,-1,0,0,0,0,0,1
1097,3,-1,0,0,0,0,0,1
237,3,-1,0,0,0,0,0,1
516,3,-1,0,0,0,0,0,1
1228,3,-1,0,0,0,0,0,1
2158,3,-1,0,0,0,0,0,1
516,3,-1,0,0,0,0,0,1
515,3,-1,0,0,0,0,0,1
812,3,-1,0,0,0,0,0,1
459,3,-1,0,0,0,0,0,1
1244,3,-1,0,0,0,0,0,1
501,3,-1,0,0,0,0,0,1
820,3,-1,0,0,0,0,0,1
499,3,-1,0,0,0,0,0,1
594,3,-1,0,0,0,0,0,0
2166,3,-1,0,0,0,0,0,0
594,3,-1,0,0,0,0,0,0
2166,3,-1,0,0,0,0,0,0
2166,3,-1,0,0,0,0,0,0
588,3,-1,0,0,0,0,0,0
594,3,-1,0,0,0,0,0,0
587,3,-1,0,0,0,0,0,0
2166,3,-1,0,0,0,0,0,0
594,3,-1,0,0,0,0,0,0
594,3,-1,0,0,0,0,0,0
1059,3,-1,0,0,0,0,0,0
2166,3,-1,0,0,0,0,0,0
594,3,-1,0,0,0,0,0,0
2166,3,-1,0,0,0,0,0,0
587,3,-1,0,0,0,0,0,0
1226,3,-1,0,0,0,0,0,0
588,3,-1,0,0,0,0,0,0
587,3,-1,0,0,0,0,0,0
593,3,-1,0,0,0,0,0,0
587,3,-1,0,0,0,0,0,0
1051,3,-1,0,0,0,0,0,0
593,3,-1,0,0,0,0,0,0
510,3,-1,0,0,0,0,0,0
510,3,-1,0,0,0,0,0,0
807,3,-1,0,0,0,0,0,0
510,3,-1,0,0,0,0,0,0
1964,3,-1,0,0,0,0,0,0
510,3,-1,0,0,0,0,0,0
873,3,-1,0,0,0,0,0,0
1486,3,-1,0,0,0,0,0,0
804,3,-1,0,0,0,0,0,0
830,3,-1,0,0,0,0,0,0
996,3,-1,0,0,0,0,0,0
2157,3,-1,0,0,0,0,0,0
1746,3,-1,0,0,0,0,0,0
1207,3,-1,0,0,0,0,0,0
1221,3,-1,0,0,0,0,0,0
1221,3,-1,0,0,0,0,0,0
1219,3,-1,0,0,0,0,0,0
1221,3,-1,0,0,0,0,0,0
1219,3,-1,0,0,0,0,0,0
1207,3,-1,0,0,0,0,0,0
1207,3,-1,0,0,0,0,0,0
1218,3,-1,0,0,0,0,0,0
1210,3,-1,0,0,0,0,0,0
2166,3,-1,0,0,0,0,0,0
1211,3,-1,0,0,0,0,0,0
1207,3,-1,0,0,0,0,0,0
594,3,-1,0,0,0,0,0,0
364,3,-1,0,0,0,0,0,0
1699,3,-1,0,0,0,0,0,0
1454,3,-1,0,0,0,0,0,0
706,3,-1,0,0,0,0,0,0
1579,3,-1,0,0,0,0,0,0
1502,3,-1,0,0,0,0,0,0
1608,3,-1,0,0,0,0,0,0
1463,3,-1,0,0,0,0,0,0
100,3,-1,0,0,0,0,0,0
769,3,-1,0,0,0,0,0,0
901,3,-1,0,0,0,0,0,0
1630,3,-1,0,0,0,0,0,0
1422,3,-1,0,0,0,0,0,0
704,3,-1,0,0,0,0,0,0
1741,3,-1,0,0,0,0,0,0
1649,3,-1,0,0,0,0,0,0
707,3,-1,0,0,0,0,0,0
901,3,-1,0,0,0,0,0,0
2056,3,-1,0,0,0,0,0,0
307,3,-1,0,0,0,0,0,0
20,3,-1,0,0,0,0,0,0
1554,3,-1,0,0,0,0,0,0
1501,3,-1,0,0,0,0,0,0
193,3,-1,0,0,0,0,0,0
1660,3,-1,0,0,0,0,0,0
1166,3,-1,0,0,0,0,0,0
1554,3,-1,0,0,0,0,0,0
1567,3,-1,0,0,0,0,0,0
1618,3,-1,0,0,0,0,0,0
193,3,-1,0,0,0,0,0,0
776,3,-1,0,0,0,0,0,0
1455,3,-1,0,0,0,0,0,0
366,3,-1,0,0,0,0,0,0
1869,3,-1,0,0,0,0,0,0
19,3,-1,0,0,0,0,0,0
1483,3,-1,0,0,0,0,0,0
1477,3,-1,0,0,0,0,0,0
1530,3,-1,0,0,0,0,0,0
2059,3,-1,0,0,0,0,0,0
769,3,-1,0,0,0,0,0,0
1541,3,-1,0,0,0,0,0,0
768,3,-1,0,0,0,0,0,0
1665,3,-1,0,0,0,0,0,0
29,3,-1,0,0,0,0,0,0
773,3,-1,0,0,0,0,0,0
406,3,-1,0,0,0,0,0,0
81,3,-1,0,0,0,0,0,0
1135,3,-1,0,0,0,0,0,0
205,3,-1,0,0,0,0,0,0
1700,3,-1,0,0,0,0,0,0
1742,3,-1,0,0,0,0,0,0
2160,3,-1,0,0,0,0,0,0
1699,3,-1,0,0,0,0,0,0
100,3,-1,0,0,0,0,0,0
1135,3,-1,0,0,0,0,0,0
1524,3,-1,0,0,0,0,0,0
2043,3,-1,0,0,0,0,0,0
1628,3,-1,0,0,0,0,0,0
105,3,-1,0,0,0,0,0,0
313,3,-1,0,0,0,0,0,0
1487,3,-1,0,0,0,0,0,0
1723,3,-1,0,0,0,0,0,0
773,3,-1,0,0,0,0,0,0
1229,3,-1,0,0,0,0,0,0
2023,3,-1,0,0,0,0,0,0
195,3,-1,0,0,0,0,0,0
2134,3,-1,0,0,0,0,0,0
24,3,-1,0,0,0,0,0,0
1494,3,-1,0,0,0,0,0,0
1485,3,-1,0,0,0,0,0,0
1551,3,-1,0,0,0,0,0,0
1688,3,-1,0,0,0,0,0,0
1553,3,-1,0,0,0,0,0,0
1590,3,-1,0,0,0,0,0,0
1658,3,-1,0,0,0,0,0,0
1619,3,-1,0,0,0,0,0,0
942,3,-1,0,0,0,0,0,0
2055,3,-1,0,0,0,0,0,0
1658,3,-1,0,0,0,0,0,0
1701,3,-1,0,0,0,0,0,0
1701,3,-1,0,0,0,0,0,0
2059,3,-1,0,0,0,0,0,0
1512,3,-1,0,0,0,0,0,0
1487,3,-1,0,0,0,0,0,0
1510,3,-1,0,0,0,0,0,0
1724,3,-1,0,0,0,0,0,0
2061,3,-1,0,0,0,0,0,0
2239,3,-1,0,0,0,0,0,0
1349,3,-1,0,0,0,0,0,0
1571,3,-1,0,0,0,0,0,0
1421,3,-1,0,0,0,0,0,0
1616,3,-1,0,0,0,0,0,0
2225,3,-1,0,0,0,0,0,0
1574,3,-1,0,0,0,0,0,0
769,3,-1,0,0,0,0,0,0
1715,3,-1,0,0,0,0,0,0
349,3,-1,0,0,0,0,0,0
1135,3,-1,0,0,0,0,0,0
1544,3,-1,0,0,0,0,0,0
707,3,-1,0,0,0,0,0,0
414,3,-1,0,0,0,0,0,0
1483,3,-1,0,0,0,0,0,0
1677,3,-1,0,0,0,0,0,0
899,3,-1,0,0,0,0,0,0
1584,3,-1,0,0,0,0,0,0
1907,3,-1,0,0,0,0,0,0
286,3,-1,0,0,0,0,0,0
339,3,-1,0,0,0,0,0,0
2230,3,-1,0,0,0,0,0,0
1349,3,-1,0,0,0,0,0,0
939,3,-1,0,0,0,0,0,0
72,3,-1,0,0,0,0,0,0
900,3,-1,0,0,0,0,0,0
1349,3,-1,0,0,0,0,0,0
1070,3,-1,0,0,0,0,0,0
1070,3,-1,0,0,0,0,0,0
639,3,-1,0,0,0,0,0,0
1204,3,-1,0,0,0,0,0,0
1824,3,-1,0,0,0,0,0,0
853,3,-1,0,0,0,0,0,0
1596,3,-1,0,0,0,0,0,0
1050,3,-1,0,0,0,0,0,0
1816,3,-1,0,0,0,0,0,0
1335,3,-1,0,0,0,0,0,0
665,3,-1,0,0,0,0,0,0
827,3,-1,0,0,0,0,0,0
6,3,-1,0,0,0,0,0,0
995,3,-1,0,0,0,0,0,0
1806,3,-1,0,0,0,0,0,0
1390,3,-1,0,0,0,0,0,0
393,3,-1,0,0,0,0,0,0
756,3,-1,0,0,0,0,0,0
32,3,-1,0,0,0,0,0,0
33,3,-1,0,0,0,0,0,0
1813,3,-1,0,0,0,0,0,0
558,3,-1,0,0,0,0,0,0
853,3,-1,0,0,0,0,0,0
352,3,-1,0,0,0,0,0,0
1402,3,-1,0,0,0,0,0,0
192,3,-1,0,0,0,0,0,0
1818,3,-1,0,0,0,0,0,0
1817,3,-1,0,0,0,0,0,0
558,3,-1,0,0,0,0,0,0
1815,3,-1,0,0,0,0,0,0
1013,3,-1,0,0,0,0,0,0
1811,3,-1,0,0,0,0,0,0
1812,3,-1,0,0,0,0,0,0
1793,3,-1,0,0,0,0,0,0
1805,3,-1,0,0,0,0,0,0
197,3,-1,0,0,0,0,0,0
1315,3,-1,0,0,0,0,0,0
1820,3,-1,0,0,0,0,0,0
1819,3,-1,0,0,0,0,0,0
1913,3,-1,0,0,0,0,0,0
778,3,-1,0,0,0,0,0,0
926,3,-1,0,0,0,0,0,0
1373,3,-1,0,0,0,0,0,0
375,3,-1,0,0,0,0,0,0
1794,3,-1,0,0,0,0,0,0
2130,3,-1,0,0,0,0,0,0
1439,3,-1,0,0,0,0,0,0
401,3,-1,0,0,0,0,0,0
1996,3,-1,0,0,0,0,0,0
825,3,-1,0,0,0,0,0,0
401,3,-1,0,0,0,0,0,0
375,3,-1,0,0,0,0,0,0
927,3,-1,0,0,0,0,0,0
1994,3,-1,0,0,0,0,0,0
398,3,-1,0,0,0,0,0,0
1314,3,-1,0,0,0,0,0,0
875,3,-1,0,0,0,0,0,0
2199,3,-1,0,0,0,0,0,0
1102,3,-1,0,0,0,0,0,0
1189,3,-1,0,0,0,0,0,0
2216,3,-1,0,0,0,0,0,0
2026,3,-1,0,0,0,0,0,0
2169,3,-1,0,0,0,0,0,0
926,3,-1,0,0,0,0,0,0
1191,3,-1,0,0,0,0,0,0
1191,3,-1,0,0,0,0,0,0
1149,3,-1,0,0,0,0,0,0
1961,3,-1,0,0,0,0,0,0
1278,3,-1,0,0,0,0,0,0
1296,3,-1,0,0,0,0,0,0
2191,3,-1,0,0,0,0,0,0
1335,3,-1,0,0,0,0,0,0
794,3,-1,0,0,0,0,0,0
2116,3,-1,0,0,0,0,0,0
883,3,-1,0,0,0,0,0,0
735,3,-1,0,0,0,0,0,0
316,3,-1,0,0,0,0,0,0
2064,3,-1,0,0,0,0,0,0
2126,3,-1,0,0,0,0,0,0
1296,3,-1,0,0,0,0,0,0
926,3,-1,0,0,0,0,0,0
562,3,-1,0,0,0,0,0,0
1312,3,-1,0,0,0,0,0,0
1047,3,-1,0,0,0,0,0,0
652,3,-1,0,0,0,0,0,0
2116,3,-1,0,0,0,0,0,0
755,3,-1,0,0,0,0,0,0
1368,3,-1,0,0,0,0,0,0
2071,3,-1,0,0,0,0,0,0
2118,3,-1,0,0,0,0,0,0
2119,3,-1,0,0,0,0,0,0
409,3,-1,0,0,0,0,0,0
1029,3,-1,0,0,0,0,0,0
1003,3,-1,0,0,0,0,0,0
908,3,-1,0,0,0,0,0,0
1284,3,-1,0,0,0,0,0,0
1284,3,-1,0,0,0,0,0,0
822,3,-1,0,0,0,0,0,0
732,3,-1,0,0,0,0,0,0
1164,3,-1,0,0,0,0,0,0
2181,3,-1,0,0,0,0,0,0
2041,3,-1,0,0,0,0,0,0
742,3,-1,0,0,0,0,0,0
1300,3,-1,0,0,0,0,0,0
1278,3,-1,0,0,0,0,0,0
794,3,-1,0,0,0,0,0,0
758,3,-1,0,0,0,0,0,0
2071,3,-1,0,0,0,0,0,0
2256,3,-1,0,0,0,0,0,0
2216,3,-1,0,0,0,0,0,0
2169,3,-1,0,0,0,0,0,0
759,3,-1,0,0,0,0,0,0
1102,3,-1,0,0,0,0,0,0
1299,3,-1,0,0,0,0,0,0
1299,3,-1,0,0,0,0,0,0
736,3,-1,0,0,0,0,0,0
795,3,-1,0,0,0,0,0,0
518,3,-1,0,0,0,0,0,0
760,3,-1,0,0,0,0,0,0
2232,3,-1,0,0,0,0,0,0
1753,3,-1,0,0,0,0,0,0
1799,3,-1,0,0,0,0,0,0
1835,3,-1,0,0,0,0,0,0
1367,3,-1,0,0,0,0,0,0
1632,3,-1,0,0,0,0,0,0
638,3,-1,0,0,0,0,0,0
2218,3,-1,0,0,0,0,0,0
814,3,-1,0,0,0,0,0,0
623,3,-1,0,0,0,0,0,0
670,3,-1,0,0,0,0,0,0
518,3,-1,0,0,0,0,0,0
2207,3,-1,0,0,0,0,0,0
849,3,-1,0,0,0,0,0,0
815,3,-1,0,0,0,0,0,0
813,3,-1,0,0,0,0,0,0
2197,3,-1,0,0,0,0,0,0
2040,3,-1,0,0,0,0,0,0
1983,3,-1,0,0,0,0,0,0
667,3,-1,0,0,0,0,0,0
488,3,-1,0,0,0,0,0,0
2005,3,-1,0,0,0,0,0,0
2003,3,-1,0,0,0,0,0,0
1399,3,-1,0,0,0,0,0,0
142,3,-1,0,0,0,0,0,0
2045,3,-1,0,0,0,0,0,0
2046,3,-1,0,0,0,0,0,0
2004,3,-1,0,0,0,0,0,0
73,3,-1,0,0,0,0,0,0
1009,3,-1,0,0,0,0,0,0
5,3,-1,0,0,0,0,0,0
2173,3,-1,0,0,0,0,0,0
1012,3,-1,0,0,0,0,0,0
1388,3,-1,0,0,0,0,0,0
633,3,-1,0,0,0,0,0,0
699,3,-1,0,0,0,0,0,0
2108,3,-1,0,0,0,0,0,0
2108,3,-1,0,0,0,0,0,0
2047,3,-1,0,0,0,0,0,0
743,3,-1,0,0,0,0,0,0
380,3,-1,0,0,0,0,0,0
1734,3,-1,0,0,0,0,0,0
969,3,-1,0,0,0,0,0,0
1495,3,-1,0,0,0,0,0,0
1833,3,-1,0,0,0,0,0,0
1152,3,-1,0,0,0,0,0,0
2050,3,-1,0,0,0,0,0,0
2167,3,-1,0,0,0,0,0,0
1838,3,-1,0,0,0,0,0,0
931,3,-1,0,0,0,0,0,0
869,3,-1,0,0,0,0,0,0
2106,3,-1,0,0,0,0,0,0
1757,3,-1,0,0,0,0,0,0
1938,3,-1,0,0,0,0,0,0
1938,3,-1,0,0,0,0,0,0
2006,3,-1,0,0,0,0,0,0
1995,3,-1,0,0,0,0,0,0
1831,3,-1,0,0,0,0,0,0
1548,3,-1,0,0,0,0,0,0
2002,3,-1,0,0,0,0,0,0
1840,3,-1,0,0,0,0,0,0
2036,3,-1,0,0,0,0,0,0
1807,3,-1,0,0,0,0,0,0
1739,3,-1,0,0,0,0,0,0
1740,3,-1,0,0,0,0,0,0
1832,3,-1,0,0,0,0,0,0
2198,3,-1,0,0,0,0,0,0
1374,3,-1,0,0,0,0,0,0
659,3,-1,0,0,0,0,0,0
2074,3,-1,0,0,0,0,0,0
1837,3,-1,0,0,0,0,0,0
371,3,-1,0,0,0,0,0,0
1150,3,-1,0,0,0,0,0,0
312,3,-1,0,0,0,0,0,0
1702,3,-1,0,0,0,0,0,0
1725,3,-1,0,0,0,0,0,0
1767,3,-1,0,0,0,0,0,0
1456,3,-1,0,0,0,0,0,0
1776,3,-1,0,0,0,0,0,0
968,3,-1,0,0,0,0,0,0
1418,3,-1,0,0,0,0,0,0
1727,3,-1,0,0,0,0,0,0
1651,3,-1,0,0,0,0,0,0
1722,3,-1,0,0,0,0,0,0
141,3,-1,0,0,0,0,0,0
2109,3,-1,0,0,0,0,0,0
178,3,-1,0,0,0,0,0,0
1871,3,-1,0,0,0,0,0,0
2104,3,-1,0,0,0,0,0,0
1387,3,-1,0,0,0,0,0,0
1745,3,-1,0,0,0,0,0,0
624,3,-1,0,0,0,0,0,0
1787,3,-1,0,0,0,0,0,0
301,3,-1,0,0,0,0,0,0
713,3,-1,0,0,0,0,0,0
1014,3,-1,0,0,0,0,0,0
198,3,-1,0,0,0,0,0,0
412,3,-1,0,0,0,0,0,0
1836,3,-1,0,0,0,0,0,0
524,3,-1,0,0,0,0,0,0
524,3,-1,0,0,0,0,0,0
451,3,-1,0,0,0,0,0,0
279,3,-1,0,0,0,0,0,0
514,3,-1,0,0,0,0,0,0
511,3,-1,0,0,0,0,0,0
580,3,-1,0,0,0,0,0,0
2154,3,-1,0,0,0,0,0,0
510,3,-1,0,0,0,0,0,0
510,3,-1,0,0,0,0,0,0
391,3,-1,0,0,0,0,0,0
608,3,-1,0,0,0,0,0,0
608,3,-1,0,0,0,0,0,0
608,3,-1,0,0,0,0,0,0
608,3,-1,0,0,0,0,0,0
612,3,-1,0,0,0,0,0,0
327,3,-1,0,0,0,0,0,0
938,3,-1,0,0,0,0,0,0
938,3,-1,0,0,0,0,0,0
608,3,-1,0,0,0,0,0,0
611,3,-1,0,0,0,0,0,0
608,3,-1,0,0,0,0,0,0
608,3,-1,0,0,0,0,0,0
1188,3,-1,0,0,0,0,0,0
856,3,-1,0,0,0,0,0,0
560,3,-1,0,0,0,0,0,0
1357,3,-1,0,0,0,0,0,0
584,3,-1,0,0,0,0,0,0
585,3,-1,0,0,0,0,0,0
582,3,-1,0,0,0,0,0,0
2146,3,-1,0,0,0,0,0,0
582,3,-1,0,0,0,0,0,0
513,3,-1,0,0,0,0,0,0
488,3,-1,0,0,0,0,0,0
488,3,-1,0,0,0,0,0,0
506,3,-1,0,0,0,0,0,0
488,3,-1,0,0,0,0,0,0
488,3,-1,0,0,0,0,0,0
488,3,-1,0,0,0,0,0,0
1259,3,-1,0,0,0,0,0,0
629,3,-1,0,0,0,0,0,0
1900,3,-1,0,0,0,0,0,0
2242,3,-1,0,0,0,0,0,0
2087,3,-1,0,0,0,0,0,0
1259,3,-1,0,0,0,0,0,0
825,3,-1,0,0,0,0,0,0
870,3,-1,0,0,0,0,0,0
825,3,-1,0,0,0,0,0,0
1397,3,-1,0,0,0,0,0,0
252,3,-1,0,0,0,0,0,0
488,3,-1,0,0,0,0,0,0
488,3,-1,0,0,0,0,0,0
488,3,-1,0,0,0,0,0,0
1958,3,-1,0,0,0,0,0,0
488,3,-1,0,0,0,0,0,0
1259,3,-1,0,0,0,0,0,0
2166,3,-1,0,0,0,0,0,0
594,3,-1,0,0,0,0,0,0
2166,3,-1,0,0,0,0,0,0
237,3,-1,0,0,0,0,0,0
594,3,-1,0,0,0,0,0,0
2166,3,-1,0,0,0,0,0,0
594,3,-1,0,0,0,0,0,0
594,3,-1,0,0,0,0,0,0
588,3,-1,0,0,0,0,0,0
2166,3,-1,0,0,0,0,0,0
587,3,-1,0,0,0,0,0,0
518,3,-1,0,0,0,0,0,0
518,3,-1,0,0,0,0,0,0
521,3,-1,0,0,0,0,0,0
1320,3,-1,0,0,0,0,0,0
726,3,-1,0,0,0,0,0,0
726,3,-1,0,0,0,0,0,0
518,3,-1,0,0,0,0,0,0
958,3,-1,0,0,0,0,0,0
2206,3,-1,0,0,0,0,0,0
1316,3,-1,0,0,0,0,0,0
1947,3,-1,0,0,0,0,0,0
1100,3,-1,0,0,0,0,0,0
1316,3,-1,0,0,0,0,0,0
1316,3,-1,0,0,0,0,0,0
1988,3,-1,0,0,0,0,0,0
1760,3,-1,0,0,0,0,0,0
2222,3,-1,0,0,0,0,0,0
1692,3,-1,0,0,0,0,0,0
1194,3,-1,0,0,0,0,0,0
1096,3,-1,0,0,0,0,0,0
571,3,-1,0,0,0,0,0,0
845,3,-1,0,0,0,0,0,0
571,3,-1,0,0,0,0,0,0
526,3,-1,0,0,0,0,0,0
1179,3,-1,0,0,0,0,0,0
879,3,-1,0,0,0,0,0,0
518,3,-1,0,0,0,0,0,0
428,3,-1,0,0,0,0,0,0
48,3,-1,0,0,0,0,0,0
1005,3,-1,0,0,0,0,0,0
683,3,-1,0,0,0,0,0,0
1179,3,-1,0,0,0,0,0,0
1316,3,-1,0,0,0,0,0,0
1227,3,-1,0,0,0,0,0,0
1317,3,-1,0,0,0,0,0,0
1147,3,-1,0,0,0,0,0,0
674,3,-1,0,0,0,0,0,0
1914,3,-1,0,0,0,0,0,0
2251,3,-1,0,0,0,0,0,0
2251,3,-1,0,0,0,0,0,0
1161,3,-1,0,0,0,0,0,0
1156,3,-1,0,0,0,0,0,0
47,3,-1,0,0,0,0,0,0
1319,3,-1,0,0,0,0,0,0
726,3,-1,0,0,0,0,0,0
1100,3,-1,0,0,0,0,0,0
1179,3,-1,0,0,0,0,0,0
2252,3,-1,0,0,0,0,0,0
1161,3,-1,0,0,0,0,0,0
129,3,-1,0,0,0,0,0,0
216,3,-1,0,0,0,0,0,0
2251,3,-1,0,0,0,0,0,0
521,3,-1,0,0,0,0,0,0
674,3,-1,0,0,0,0,0,0
2251,3,-1,0,0,0,0,0,0
528,3,-1,0,0,0,0,0,0
2205,3,-1,0,0,0,0,0,0
695,3,-1,0,0,0,0,0,0
525,3,-1,0,0,0,0,0,0
2235,3,-1,0,0,0,0,0,0
1005,3,-1,0,0,0,0,0,0
1317,3,-1,0,0,0,0,0,0
2214,3,-1,0,0,0,0,0,0
1317,3,-1,0,0,0,0,0,0
1145,3,-1,0,0,0,0,0,0
1158,3,-1,0,0,0,0,0,0
1261,3,-1,0,0,0,0,0,0
1161,3,-1,0,0,0,0,0,0
1096,3,-1,0,0,0,0,0,0
1048,3,-1,0,0,0,0,0,0
641,3,-1,0,0,0,0,0,0
2142,3,-1,0,0,0,0,0,0
958,3,-1,0,0,0,0,0,0
952,3,-1,0,0,0,0,0,0
1985,3,-1,0,0,0,0,0,0
1261,3,-1,0,0,0,0,0,0
571,3,-1,0,0,0,0,0,0
1146,3,-1,0,0,0,0,0,0
1148,3,-1,0,0,0,0,0,0
1547,3,-1,0,0,0,0,0,0
674,3,-1,0,0,0,0,0,0
239,3,-1,0,0,0,0,0,0
225,3,-1,0,0,0,0,0,0
239,3,-1,0,0,0,0,0,0
239,3,-1,0,0,0,0,0,0
230,3,-1,0,0,0,0,0,0
230,3,-1,0,0,0,0,0,0
239,3,-1,0,0,0,0,0,0
225,3,-1,0,0,0,0,0,0
230,3,-1,0,0,0,0,0,0
225,3,-1,0,0,0,0,0,0
225,3,-1,0,0,0,0,0,0
240,3,-1,0,0,0,0,0,0
239,3,-1,0,0,0,0,0,0
488,3,-1,0,0,0,0,0,0
1244,3,-1,0,0,0,0,0,0
510,3,-1,0,0,0,0,0,0
510,3,-1,0,0,0,0,0,0
488,3,-1,0,0,0,0,0,0
488,3,-1,0,0,0,0,0,0
463,3,-1,0,0,0,0,0,0
510,3,-1,0,0,0,0,0,0
460,3,-1,0,0,0,0,0,0
460,3,-1,0,0,0,0,0,0
2166,3,-1,0,0,0,0,0,0
484,3,-1,0,0,0,0,0,0
510,3,-1,0,0,0,0,0,0
1925,3,-1,0,0,0,0,0,0
460,3,-1,0,0,0,0,0,0
458,3,-1,0,0,0,0,0,0
1245,3,-1,0,0,0,0,0,0
464,3,-1,0,0,0,0,0,0
427,3,-1,0,0,0,0,0,0
427,3,-1,0,0,0,0,0,0
427,3,-1,0,0,0,0,0,0
427,3,-1,0,0,0,0,0,0
437,3,-1,0,0,0,0,0,0
437,3,-1,0,0,0,0,0,0
437,3,-1,0,0,0,0,0,0
437,3,-1,0,0,0,0,0,0
437,3,-1,0,0,0,0,0,0
437,3,-1,0,0,0,0,0,0
2,3,-1,0,0,0,0,0,0
2,3,-1,0,0,0,0,0,0
437,3,-1,0,0,0,0,0,0
437,3,-1,0,0,0,0,0,0
587,3,-1,0,0,0,0,0,0
2166,3,-1,0,0,0,0,0,0
594,3,-1,0,0,0,0,0,0
230,3,-1,0,0,0,0,0,0
594,3,-1,0,0,0,0,0,0
608,3,-1,0,0,0,0,0,0
2079,3,-1,0,0,0,0,0,0
600,3,-1,0,0,0,0,0,0
594,3,-1,0,0,0,0,0,0
594,3,-1,0,0,0,0,0,0
587,3,-1,0,0,0,0,0,0
593,3,-1,0,0,0,0,0,0
421,3,-1,0,0,0,0,0,0
587,3,-1,0,0,0,0,0,0
587,3,-1,0,0,0,0,0,0
2166,3,-1,0,0,0,0,0,0
224,3,-1,0,0,0,0,0,0
2166,3,-1,0,0,0,0,0,0
1207,3,-1,0,0,0,0,0,0
2081,3,-1,0,0,0,0,0,0
230,3,-1,0,0,0,0,0,0
1949,3,-1,0,0,0,0,0,0
912,3,-1,0,0,0,0,0,0
2073,3,-1,0,0,0,0,0,0
608,3,-1,0,0,0,0,0,0
510,3,-1,0,0,0,0,0,0
2098,3,-1,0,0,0,0,0,0
910,3,-1,0,0,0,0,0,0
915,3,-1,0,0,0,0,0,0
915,3,-1,0,0,0,0,0,0
1354,3,-1,0,0,0,0,0,0
1355,3,-1,0,0,0,0,0,0
1355,3,-1,0,0,0,0,0,0
1355,3,-1,0,0,0,0,0,0
1355,3,-1,0,0,0,0,0,0
262,3,-1,0,0,0,0,0,0
694,3,-1,0,0,0,0,0,0
1973,3,-1,0,0,0,0,0,0
780,3,-1,0,0,0,0,0,0
509,3,-1,0,0,0,0,0,0
509,3,-1,0,0,0,0,0,0
509,3,-1,0,0,0,0,0,0
508,3,-1,0,0,0,0,0,0
520,3,-1,0,0,0,0,0,0
519,3,-1,0,0,0,0,0,0
519,3,-1,0,0,0,0,0,0
520,3,-1,0,0,0,0,0,0
520,3,-1,0,0,0,0,0,0
520,3,-1,0,0,0,0,0,0
518,3,-1,0,0,0,0,0,0
508,3,-1,0,0,0,0,0,0
508,3,-1,0,0,0,0,0,0
508,3,-1,0,0,0,0,0,0
503,3,-1,0,0,0,0,0,0
503,3,-1,0,0,0,0,0,0
503,3,-1,0,0,0,0,0,0
617,3,-1,0,0,0,0,0,0
617,3,-1,0,0,0,0,0,0
617,3,-1,0,0,0,0,0,0
617,3,-1,0,0,0,0,0,0
